type,name,module,path,hash
"yaml","manifest","_config","_config/manifest.yaml","5a6e58c33f7d295de9acf17a5a2621f74f8bcba893873ded02b1195b7eca1167"
"csv","module-help","bmm","bmm/module-help.csv","fe1f3c778d5d909d5858e0d13f2a7d4d18f40180de05a3c4fa7a5470dabeb945"
"html","validation-report-template","bmm","bmm/plan/bmad-prd/assets/validation-report-template.html","a80becdd8205d2d7c18738855830b096172a496b96b5ca8a0820ec55c9bb8bf9"
"html","validation-report-template","bmm","bmm/plan/bmad-ux/assets/validation-report-template.html","8656945636fabe96624f8ef8fce931b073b5aecbe42d490584c1d5c7f31e1353"
"json","bmad-manifest","bmm","bmm/plan/bmad-prfaq/bmad-manifest.json","9d91d2ae277b87bdfb8785df6a660788743c5cdf98cbd9fcf88c29f957324709"
"md","acceptance-verdict","bmm","bmm/ship/bmad-retrospective/references/acceptance-verdict.md","09a65007c39af83e01e039331c252e6e670b134cd5e2a4b5e05ac9d9fb7e37f1"
"md","aggregate-views","bmm","bmm/ship/bmad-retrospective/references/aggregate-views.md","5b278afce4a53692d8715b4af178e4233da0876921dc3154b5763d056cb5ff0b"
"md","artifact-analyzer","bmm","bmm/plan/bmad-prfaq/agents/artifact-analyzer.md","7bdc44830f8d593346ec0ee15e36e1e431432fcc6c38b70bb861999315c9cfa4"
"md","best-practices","bmm","bmm/plan/bmad-project-context/references/best-practices.md","ded4ad303ea7a62c2c55a8673085cb4deeaf8306a68ebcc09fa2c308589fbf9b"
"md","brief-template","bmm","bmm/plan/bmad-product-brief/assets/brief-template.md","bb28edf75d023067551c8d417b19b8803324e7acfb2ad0c80f882e9134f4c1f1"
"md","checklist","bmm","bmm/ship/bmad-correct-course/checklist.md","3e082b95def90ccb876e3101ce0bbaf797a0f03a9471e1347361897f27977327"
"md","checklist","bmm","bmm/ship/bmad-qa-generate-e2e-tests/checklist.md","b58f810aeb1040c2f6758c88aa133afce72f8cc178d3d97ff0fbaa3d943057dc"
"md","checklist","bmm","bmm/v6-shims/bmad-create-story/checklist.md","b94e28e774c3be0288f04ea163424bece4ddead5cd3f3680d1603ed07383323a"
"md","checklist","bmm","bmm/v6-shims/bmad-dev-story/checklist.md","630b68c6824a8785003a65553c1f335222b17be93b1bd80524c23b38bde1d8af"
"md","color-themes","bmm","bmm/plan/bmad-ux/assets/color-themes.md","ccb6e4ef47a196476cf9392d788938ad3ca8d07b9ce095b7c092dcb4e06735f0"
"md","compile-epic-context","bmm","bmm/ship/bmad-build/compile-epic-context.md","6793b15ae85766cee529e6b349e45f2c6ec9e3212019611c29e8c77b4dc4b924"
"md","compile-epic-context","bmm","bmm/ship/bmad-build-auto/compile-epic-context.md","64d13b41974cfa0dfc1de64b6fbd8365e9b99f91c7c98f0ee1a9fbd018f324ca"
"md","creative-tools","bmm","bmm/plan/bmad-ux/references/creative-tools.md","e281292d7c0fdecdbb67ca9b7d95d4bed803626ba5edfd8dcc99146fcaa118e6"
"md","customer-faq","bmm","bmm/plan/bmad-prfaq/references/customer-faq.md","96f8565197649c58908a1d61b6cd805fd01f57da7945ba889c18d087ad597aeb"
"md","deletion-check","bmm","bmm/ship/bmad-build/references/deletion-check.md","0f1f124e4e957147e89164a272b10bedc694ad0d9ad2618c8610ac74ee9cb0da"
"md","deletion-check","bmm","bmm/ship/bmad-build-auto/references/deletion-check.md","0f1f124e4e957147e89164a272b10bedc694ad0d9ad2618c8610ac74ee9cb0da"
"md","deletion-check","bmm","bmm/ship/bmad-code-review/references/deletion-check.md","0f1f124e4e957147e89164a272b10bedc694ad0d9ad2618c8610ac74ee9cb0da"
"md","design-directions","bmm","bmm/plan/bmad-ux/assets/design-directions.md","eab73b948da76a27abc908e1e7d6b124e8ff0362e6dd1990f7e60b9541cbcb98"
"md","design-example-editorial","bmm","bmm/plan/bmad-ux/assets/design-example-editorial.md","a659166845b1a4ed3f9aef942c5935537a97382b10303684fbb78ed86265870e"
"md","design-example-mobile","bmm","bmm/plan/bmad-ux/assets/design-example-mobile.md","a93fb9f114f2e83af0c961c0d7909b3859fc80bcd713715517cd639a53a0372a"
"md","design-example-shadcn","bmm","bmm/plan/bmad-ux/assets/design-example-shadcn.md","25e0dfb2bb21483973a8f0a6ed650288b3dc2ae5ed02aa0f091bb9b6b0b39fc0"
"md","design-md-spec","bmm","bmm/plan/bmad-ux/references/design-md-spec.md","d04d5f663607aba3f3181e818ae33856e6caf5e560dcb16fa64ed80b7cf3d590"
"md","discover-inputs","bmm","bmm/v6-shims/bmad-create-story/discover-inputs.md","dfedba6a8ea05c9a91c6d202c4b29ee3ea793d8ef77575034787ae0fef280507"
"md","edge-case-hunter","bmm","bmm/ship/bmad-build/review-prompts/edge-case-hunter.md","4ccb3599ed1b8cc54876b304dc567d1b4e3e0ec5c1add34df9a2445224ac77af"
"md","edge-case-hunter","bmm","bmm/ship/bmad-build-auto/review-prompts/edge-case-hunter.md","4ccb3599ed1b8cc54876b304dc567d1b4e3e0ec5c1add34df9a2445224ac77af"
"md","edge-case-hunter","bmm","bmm/ship/bmad-code-review/review-prompts/edge-case-hunter.md","4ccb3599ed1b8cc54876b304dc567d1b4e3e0ec5c1add34df9a2445224ac77af"
"md","epics-template","bmm","bmm/plan/bmad-create-epics-and-stories/templates/epics-template.md","a804f740155156d89661fa04e7a4264a8f712c4dc227c44fd8ae804a9b0f6b72"
"md","evidence-gathering","bmm","bmm/ship/bmad-retrospective/references/evidence-gathering.md","575bace78d7c03c48d86a209dd664f7dd22295a222b75e6d6298894cb7b7ce00"
"md","excalidraw-wireframe","bmm","bmm/plan/bmad-ux/assets/excalidraw-wireframe.md","660bbcdebff50cd044a3752eda43f3cb303aca4b0f521b55a270da93b89ddb18"
"md","experience-example-mobile","bmm","bmm/plan/bmad-ux/assets/experience-example-mobile.md","f8cd54c92193cd8c34a472df9c212ac7330976f6a115b729721dcb60034dc4f0"
"md","experience-example-shadcn","bmm","bmm/plan/bmad-ux/assets/experience-example-shadcn.md","d6ca16e87b768e8b41f352c02ee08af21d7cdac04ca21e6ae1556864b4d27590"
"md","fix-sprint-status","bmm","bmm/plan/bmad-sprint-planning/references/fix-sprint-status.md","0406c31b70da33e2a354d9785f43d8f9918f4b923d0aac2ebd1e3707ebad5806"
"md","generate-tracking","bmm","bmm/plan/bmad-sprint-planning/references/generate-tracking.md","4dbf7aca26d0e6e893f288fc5e6158dbbcd65f77bbaf95e941ca705abceb1741"
"md","generate-trail","bmm","bmm/ship/bmad-checkpoint-preview/generate-trail.md","4a5936d86fbe5a85285b4535097b1e2edda8849da35586f4b588a982d7224459"
"md","headless","bmm","bmm/plan/bmad-architecture/references/headless.md","4db2708f335c94cb024b5eba022b1e3d88b1ec61c94c4716626d9b89684f5833"
"md","headless","bmm","bmm/plan/bmad-prd/references/headless.md","4dad58ebee63933a53179016513ff94d143ce9f68e226489d390e2c36bf1d848"
"md","headless","bmm","bmm/plan/bmad-ux/references/headless.md","8da7e23d269b1644f45b5104a243a6a27fd8d075aebb95d9b7752f0d143f0f5d"
"md","headless-schemas","bmm","bmm/plan/bmad-prd/assets/headless-schemas.md","8d3621333a72400512bd62511bc4c73fc745711505e1f852c697ff8c5fa2de93"
"md","headless-schemas","bmm","bmm/plan/bmad-spec/assets/headless-schemas.md","83afb3614716db2347d83586a67b9c524492dd50db5282436ccb35c99fb5f08a"
"md","headless-schemas","bmm","bmm/plan/bmad-ux/assets/headless-schemas.md","e3a773dde85286f1a6f6dd8b26fc17e09ccea96f6257dfe7fb436353cd79242d"
"md","internal-faq","bmm","bmm/plan/bmad-prfaq/references/internal-faq.md","26eb83f844cda1ed8efb50f4703d61713ada8a64bd27eb387f759f858b5748de"
"md","key-screens","bmm","bmm/plan/bmad-ux/assets/key-screens.md","ff1c5060673dd595edd61e76806bae876264ec6895c2eaadf8a6190785bf5f7b"
"md","prd-template","bmm","bmm/plan/bmad-prd/assets/prd-template.md","b6fe8fc1390b8e46961d5eb5e6f2fe6c65dca2f30623d492677672e02868f7ab"
"md","prd-validation-checklist","bmm","bmm/plan/bmad-prd/assets/prd-validation-checklist.md","41d9f09064772a92ec908d970618e47ba63dc86b5c5a1a21d5a2c676d3ba8e3f"
"md","press-release","bmm","bmm/plan/bmad-prfaq/references/press-release.md","c406adb0e2d2cc326cbc45d0174f89d014523448ad82bc272293999d22aec596"
"md","prfaq-template","bmm","bmm/plan/bmad-prfaq/assets/prfaq-template.md","b27e6964f0437ab4e78c8c0ffbe5052c28e3b3ef2fc811726cbb394d5a5c7559"
"md","readiness-gate","bmm","bmm/plan/bmad-sprint-planning/references/readiness-gate.md","7d58ea61fafe3c1d8218203abc7512e322ca384c78d9e71829df55dfabe1245b"
"md","README","bmm","bmm/v6-shims/README.md","05315a8e369f5ebb9e615c1a33fd2b3f85eb92a9455c974cdc7ec7d3ea0d10bf"
"md","retro-document","bmm","bmm/ship/bmad-retrospective/references/retro-document.md","de8164664cd2be7f73b8ba5552e9e0f58816d2a7c4be8efc7715461846bb7001"
"md","reviewer-gate","bmm","bmm/plan/bmad-architecture/references/reviewer-gate.md","d32e32a3c1d59b5612b947004f3f6fef1117a13ce9f1ffa428d616e0b5d4db69"
"md","SKILL","bmm","bmm/agents/bmad-agent-analyst/SKILL.md","99c72ea74b833743a71a8e3c54369348530525edcfae43da2d267ec27cefc8ff"
"md","SKILL","bmm","bmm/agents/bmad-agent-architect/SKILL.md","72a542f7cd34ebf844c26431be564040824f0c16cf060b8795eff2c9e019f003"
"md","SKILL","bmm","bmm/agents/bmad-agent-dev/SKILL.md","b980cf2c99976b5e1bd53128dc7b56bdd181ac39a57098d9b5a6bf0692db2675"
"md","SKILL","bmm","bmm/agents/bmad-agent-pm/SKILL.md","7b84234262e749f22fe31032124024c8c4283ba55294916b2ec67917a3bb9fb5"
"md","SKILL","bmm","bmm/agents/bmad-agent-ux-designer/SKILL.md","2ba39678706fd536a98f7afcbb3d85c3b74e24bdb86a191b330fcd7fd7e64c03"
"md","SKILL","bmm","bmm/plan/bmad-architecture/SKILL.md","b3d8c6e5024cb9747ef1659cec8109f5bb797fd1760338e65237bb084b60fcdc"
"md","SKILL","bmm","bmm/plan/bmad-create-epics-and-stories/SKILL.md","6b27b0730c61309190eb7c9c84ae98b11cbfe7187941ef88f45ddc8ded850c04"
"md","SKILL","bmm","bmm/plan/bmad-generate-project-context/SKILL.md","8cc66337d465bb088831d8973a25cfb4374f1a3427638cc2fb553fad29d08f12"
"md","SKILL","bmm","bmm/plan/bmad-prd/SKILL.md","5c220a51dc6f25499b7f18c7104a0a981dc3d721aa63d0fba88ec3de32c3fbde"
"md","SKILL","bmm","bmm/plan/bmad-prfaq/SKILL.md","042611ccabfdab1254e6591f6b86f81f332acb874fc2d148af5ac6dcd5a1c726"
"md","SKILL","bmm","bmm/plan/bmad-product-brief/SKILL.md","4c15a8ec688c998eeb71957f208b5953b1ac7a5641b008b3509f1f4fcdc8e6cd"
"md","SKILL","bmm","bmm/plan/bmad-project-context/SKILL.md","1a276f306ed76f98ad2b04864cfe365426420d33438879ea4f0705c2a013324c"
"md","SKILL","bmm","bmm/plan/bmad-spec/SKILL.md","5b5680dbf01dbfc5b4a5485e70f20ea48ac21a1d6137c4ea2ff704262dcc45d2"
"md","SKILL","bmm","bmm/plan/bmad-sprint-planning/SKILL.md","6ed5dd51be5d6a807c7e6af0542bff609fe69e84b67025ed7aa3fd9ae1ccb36d"
"md","SKILL","bmm","bmm/plan/bmad-ux/SKILL.md","6475c8171bf7346964234bd35994b9d5518102dc245768c660e4dacd1e6b50fd"
"md","SKILL","bmm","bmm/ship/bmad-build/SKILL.md","bce4778d8d275095ca1836733337163c1bf11a5a62e6585b951de458a5ac2c8e"
"md","SKILL","bmm","bmm/ship/bmad-build-auto/SKILL.md","ea6931f8210e92f7d9cfb845040d557d4d8c02eced3acc3d77bd2fcc4fffc235"
"md","SKILL","bmm","bmm/ship/bmad-checkpoint-preview/SKILL.md","fbc932defc41c7d9ffd107dbbccc296854b2ece76d95e9712e19d24f0a4c3606"
"md","SKILL","bmm","bmm/ship/bmad-code-review/SKILL.md","1ba6481b28c7e4b2ea0b1447e9011a9cac3ef51fdf957d09050606d2d16b196b"
"md","SKILL","bmm","bmm/ship/bmad-correct-course/SKILL.md","507394a758e297152a806fe5529ecc54c6c2725c951bdcbbdb250622a83fa820"
"md","SKILL","bmm","bmm/ship/bmad-qa-generate-e2e-tests/SKILL.md","4aad390d3f063efb8783637a0f72b993135ec2acb810693d3146a161172057c8"
"md","SKILL","bmm","bmm/ship/bmad-retrospective/SKILL.md","8da5b53055afa76cf88135f186d35a6cb95bab1096ed96022354846dc788d26a"
"md","SKILL","bmm","bmm/v6-shims/bmad-create-architecture/SKILL.md","2d199970238a7f415aa4b9224ec01f296b4b3ee7b399f75092ed8bdd3e414be1"
"md","SKILL","bmm","bmm/v6-shims/bmad-create-prd/SKILL.md","fa8cc47fff80a19446057b0469e79ea65973ceccb71e96079bf734b34699eb69"
"md","SKILL","bmm","bmm/v6-shims/bmad-create-story/SKILL.md","bea46d2823aded992d90a8d6d684f7c67c0865478b01c1443ba4c3eac04bbd28"
"md","SKILL","bmm","bmm/v6-shims/bmad-dev-auto/SKILL.md","1c056c69a17043bfb4b80f9e42a8ec8338fc6fa47c6ae8d5cf53f8a326966b4a"
"md","SKILL","bmm","bmm/v6-shims/bmad-dev-story/SKILL.md","8f9baf6a4643a3e9b307864eceed5aa9ddfe4e325226d70b78e0c85908ab7d5d"
"md","SKILL","bmm","bmm/v6-shims/bmad-document-project/SKILL.md","c4a09a6dc3aaaf90e12e1467b48a37416820ff351316a4eda7cda826dbb7fbd7"
"md","SKILL","bmm","bmm/v6-shims/bmad-domain-research/SKILL.md","6c873cdb44ed6444c2abfb335ad7af474fda56f4ba62c1c9c7cff42d9a243cd4"
"md","SKILL","bmm","bmm/v6-shims/bmad-edit-prd/SKILL.md","26448c4017c09ad8defa8525d9517ce681bb50222320517eaa635fa0f31989f9"
"md","SKILL","bmm","bmm/v6-shims/bmad-market-research/SKILL.md","b52667b85bee97ff23dd02532a2f286c72e63fd14b1afaedd6592de4d6112df6"
"md","SKILL","bmm","bmm/v6-shims/bmad-quick-dev/SKILL.md","23bb1434e03693152311b8e79570bb8a042eb39f57615cc4d0df15b72f29b113"
"md","SKILL","bmm","bmm/v6-shims/bmad-sprint-status/SKILL.md","95e695ce9665c6b3d617d41b0581bc30de6288263609a910559a97b26eb49e78"
"md","SKILL","bmm","bmm/v6-shims/bmad-technical-research/SKILL.md","d8e6177fc03c3d815642bdf6b54b83ef37874e73118d89112f155dbda14afbfa"
"md","SKILL","bmm","bmm/v6-shims/bmad-validate-prd/SKILL.md","16bff9ed7ec003add9c56818575f613380925782bd4ef0cc0804ed34a074eeaf"
"md","spec-template","bmm","bmm/plan/bmad-spec/assets/spec-template.md","4b3a032c045fdd0903933446fc07f93e879997f28a0294ed4344da71192b20ee"
"md","spec-template","bmm","bmm/ship/bmad-build/spec-template.md","68d0e3b9acaa0c22ab3b0dd1dbce9d8ef9b4d16637ed5e6fbd5244528732943e"
"md","spec-template","bmm","bmm/ship/bmad-build-auto/spec-template.md","5fccfa92dd632d4be646ab40f2882452189aba49db57fe3fa00fcc1806666d74"
"md","spine-template","bmm","bmm/plan/bmad-architecture/assets/spine-template.md","ef4ff795624eb5439fae54a06edb389feb5a0cf79cb01ae007af51109335d198"
"md","status-view","bmm","bmm/plan/bmad-sprint-planning/references/status-view.md","c3547e221ebf6e55c874e2ada3e8c18198835213c76f0bb2e0e64150aac355ab"
"md","step-01-clarify-and-route","bmm","bmm/ship/bmad-build/step-01-clarify-and-route.md","0a3afcde2b1d4475250896f132fd8839cf442b3364ebfbeeace5a489042c7c7f"
"md","step-01-clarify-and-route","bmm","bmm/ship/bmad-build-auto/step-01-clarify-and-route.md","7480db7720720212bd045793fddcb91f06091fe512e53b38127f6440c3fd96e2"
"md","step-01-gather-context","bmm","bmm/ship/bmad-code-review/steps/step-01-gather-context.md","3f5a74d63a91fb385d33786b78d09bb9bca483b1ac45933b9715c9fb79b79e9d"
"md","step-01-orientation","bmm","bmm/ship/bmad-checkpoint-preview/step-01-orientation.md","d9e3b949c36d49a025f3535773af2b51888fe4ce616b6d6d69683a122716b1d2"
"md","step-01-validate-prerequisites","bmm","bmm/plan/bmad-create-epics-and-stories/steps/step-01-validate-prerequisites.md","7181608c1ee4e55c084c6627d68fc55a8a0b6917e489f8ac77531a0530428a30"
"md","step-02-design-epics","bmm","bmm/plan/bmad-create-epics-and-stories/steps/step-02-design-epics.md","7c66987808c1f84e853fe54b7aff26d209196d450b5644704110f124a15179bc"
"md","step-02-plan","bmm","bmm/ship/bmad-build/step-02-plan.md","d90db50ca7a679dd42f7d1587a909d0579f24480b116d6ed82b4c7d4fe9bea66"
"md","step-02-plan","bmm","bmm/ship/bmad-build-auto/step-02-plan.md","a08e303c10f88dbfce88c55044757ec5059afe338793eb414e1ddb0b7c324625"
"md","step-02-review","bmm","bmm/ship/bmad-code-review/steps/step-02-review.md","3d146c060e838413f1262211cc58b06eeee1a9a86b8997efd83d0dc8c03cfa60"
"md","step-02-walkthrough","bmm","bmm/ship/bmad-checkpoint-preview/step-02-walkthrough.md","66cf893f8f968ee81034e9ccd8c20415692c3a8c23a9a143c2245fe6c800acdc"
"md","step-03-create-stories","bmm","bmm/plan/bmad-create-epics-and-stories/steps/step-03-create-stories.md","c5b787a82e4e49ed9cd9c028321ee1689f32b8cd69d89eea609b37cd3d481afc"
"md","step-03-detail-pass","bmm","bmm/ship/bmad-checkpoint-preview/step-03-detail-pass.md","d48163b9f305f15af57729a8443142e47beb6c3e977554afe12b39ee49cb9fc0"
"md","step-03-implement","bmm","bmm/ship/bmad-build/step-03-implement.md","3b77ca64380b2989016191f488311ff392df0ebf4f641b9898d02b01767a646f"
"md","step-03-implement","bmm","bmm/ship/bmad-build-auto/step-03-implement.md","f3e427c6033a26adcc327e4367db38c619527858a1175b148ec5a6f53d1bb408"
"md","step-03-triage","bmm","bmm/ship/bmad-code-review/steps/step-03-triage.md","46a9e661e8aed6a7347cd7bc0b3f7edd8e4bffcfc96b2e15895f7a8ce2517d70"
"md","step-04-final-validation","bmm","bmm/plan/bmad-create-epics-and-stories/steps/step-04-final-validation.md","5f6033e26ed06e070dcfcefb47d648b5a266012aaed7d53f028ab3f2c0542d20"
"md","step-04-present","bmm","bmm/ship/bmad-code-review/steps/step-04-present.md","08baa98dae5e3bd70f211d1d3ce42f14e25030f4d6b17fc18e8635644847850c"
"md","step-04-review","bmm","bmm/ship/bmad-build/step-04-review.md","bcf300e2faaf413afe1a25498284baabba09681bca089e615530d0b9dc5cee72"
"md","step-04-review","bmm","bmm/ship/bmad-build-auto/step-04-review.md","8e9ff909192e1d5d50f9fc071c4b5eb8830cc921200d423904a30dadca58c3e9"
"md","step-04-testing","bmm","bmm/ship/bmad-checkpoint-preview/step-04-testing.md","28a56e868968ea2d18add0df8c4bccced0f94b698e218df3d45ddac072ce369c"
"md","step-05-present","bmm","bmm/ship/bmad-build/step-05-present.md","81e80f3fd38f8e3049afe9daf41783b86b00ac22544f7f36bd430496a12d8e46"
"md","step-05-wrapup","bmm","bmm/ship/bmad-checkpoint-preview/step-05-wrapup.md","b1f04d64f0c9c9e4c051ebdd81eee1083d60c6aaca96bb5d3d85e0cbeca0143e"
"md","step-oneshot","bmm","bmm/ship/bmad-build/step-oneshot.md","e75505130a2fcc49cd71dfb36c92e76255d39fdfe8d4f735c7c9276e2917cb8a"
"md","stories-schema","bmm","bmm/plan/bmad-spec/assets/stories-schema.md","4f8137c00e2710288354a4466d1cfb90704f4b2a04bd3b63924218fd589cc6a9"
"md","sync-sprint-status","bmm","bmm/ship/bmad-build/sync-sprint-status.md","6c9e2ec17245d2dcb796bd9a36997371a20db8e579a2f803d16064e3bc36c40b"
"md","team-discussion","bmm","bmm/ship/bmad-retrospective/references/team-discussion.md","a9c504c436038c7e47d08322413aa3c213d2859b36ae30e873cb8c60fd9e008e"
"md","template","bmm","bmm/plan/bmad-project-context/references/template.md","c8b9a1fc165996614504bb9c90c5b1c6c808a8d483e36a4d250d79f62fda6fa1"
"md","template","bmm","bmm/v6-shims/bmad-create-story/template.md","29ba697368d77e88e88d0e7ac78caf7a78785a7dcfc291082aa96a62948afb67"
"md","validate","bmm","bmm/plan/bmad-prd/references/validate.md","19b2fa66d58cb4fef3d920cd09c81f8add4ee44dd4191bec87eaba84c2093338"
"md","validate","bmm","bmm/plan/bmad-sprint-planning/references/validate.md","ac680fa0a0f945a9bc0fc89ca709b2a8e6bc3b2617cd0d3d730378c4b5edd86d"
"md","validate","bmm","bmm/plan/bmad-ux/references/validate.md","7c2189d9ac1585d9408b6ed0346ba564869e7db89dba8f81044db3431cfcee65"
"md","verdict","bmm","bmm/plan/bmad-prfaq/references/verdict.md","81c06748ae2cb8e191cd282ecff83bea79532512c994fd4fffbf12c56be58a13"
"md","verification-gap","bmm","bmm/ship/bmad-build/review-prompts/verification-gap.md","11b6bbbd4e3426a25cca81229c98971e5f20ce99638940c47c9c1484011b457a"
"md","verification-gap","bmm","bmm/ship/bmad-build-auto/review-prompts/verification-gap.md","11b6bbbd4e3426a25cca81229c98971e5f20ce99638940c47c9c1484011b457a"
"md","verification-gap","bmm","bmm/ship/bmad-code-review/review-prompts/verification-gap.md","11b6bbbd4e3426a25cca81229c98971e5f20ce99638940c47c9c1484011b457a"
"md","web-researcher","bmm","bmm/plan/bmad-prfaq/agents/web-researcher.md","6e9127bb9bd3e4b15c701e4ced9eef328769262cd34eadc221bebe954c1f3aef"
"md","workflow","bmm","bmm/ship/bmad-build/workflow.md","481ff00ef349a9c7845feca02bbfd5722b1e318ccabac858355da6c90c2d8a39"
"md","workflow","bmm","bmm/ship/bmad-build-auto/workflow.md","f5f538a647b2a09406b11337244d1bd74fe97e7fa85b58a990184fcb480bfd90"
"py","git_evidence","bmm","bmm/ship/bmad-retrospective/scripts/git_evidence.py","6e08688d2943217b61e784c7df3508aa1502d7cecf53ea7cd530944c431c91b6"
"py","lint_spine","bmm","bmm/plan/bmad-architecture/scripts/lint_spine.py","040e0f1c13d31e6a21c518df943d1d7de7b75d8d98a07603b0983f3f3fb500db"
"py","sprint_plan","bmm","bmm/plan/bmad-sprint-planning/scripts/sprint_plan.py","4c30f62c261599fc1da3fd319ea6ce5092aa0332221cedee1763a1040627e6bc"
"py","sprint_status","bmm","bmm/ship/bmad-retrospective/scripts/sprint_status.py","a697eecd53cd9177657aee4cfdb2eab06d7d81f3e855b096cfe0482a74c50ebe"
"py","test_git_evidence","bmm","bmm/ship/bmad-retrospective/scripts/tests/test_git_evidence.py","0abfc8fad338830fc2db656d3ccc500631b0ea7a2ab87d853c13a6bbd46ff13c"
"py","test_lint_spine","bmm","bmm/plan/bmad-architecture/scripts/tests/test_lint_spine.py","e86bb9a62c5cca74ddc89c843386f2b992610fcc1792d40e03bc9cd445b77681"
"py","test_sprint_plan","bmm","bmm/plan/bmad-sprint-planning/scripts/tests/test_sprint_plan.py","f1c3b640e156946b0a234e233807b2a3983cb0d3f2d13dbb9830fbe0c67e5238"
"py","test_sprint_status","bmm","bmm/ship/bmad-retrospective/scripts/tests/test_sprint_status.py","23da16cca54904a256fcf88fd8f912c3f6091ea343768c241bbd2aeebbca2af3"
"pyc","sprint_plan.cpython-311","bmm","bmm/plan/bmad-sprint-planning/scripts/__pycache__/sprint_plan.cpython-311.pyc","c92c8bd560b76b970c88ec2e3b18c6611f423ca91ffe6f741348ea94e04da61d"
"pyc","sprint_status.cpython-311","bmm","bmm/ship/bmad-retrospective/scripts/__pycache__/sprint_status.cpython-311.pyc","a1f809abad01386d1342d3a70df401ced7c1de42c94133b65422ad3f2b2f382b"
"pyc","test_git_evidence.cpython-311-pytest-9.1.1","bmm","bmm/ship/bmad-retrospective/scripts/tests/__pycache__/test_git_evidence.cpython-311-pytest-9.1.1.pyc","bd1ab9d967e7e77c9a734640a64e5c0282e6ce4a53a6b0956cc54f4cefd25770"
"pyc","test_sprint_plan.cpython-311-pytest-9.1.1","bmm","bmm/plan/bmad-sprint-planning/scripts/tests/__pycache__/test_sprint_plan.cpython-311-pytest-9.1.1.pyc","640ded70adc12c995a3b92680a44ad9b679ca80bce6b0ae03f70e17a19aa5ae8"
"pyc","test_sprint_status.cpython-311-pytest-9.1.1","bmm","bmm/ship/bmad-retrospective/scripts/tests/__pycache__/test_sprint_status.cpython-311-pytest-9.1.1.pyc","9f3cb3413808cd73dbdd619051b624482d7b5ce1359d2d549310e7b5434c0c55"
"toml","customize","bmm","bmm/agents/bmad-agent-analyst/customize.toml","9b3e94d90784bbb24ab2c8f0563aaece48aa317554622750538e6c0e14478b37"
"toml","customize","bmm","bmm/agents/bmad-agent-architect/customize.toml","82f0f082935f56e6fde41b007440edaa04984eb23abf26a3be7b1442baf0047a"
"toml","customize","bmm","bmm/agents/bmad-agent-dev/customize.toml","f3f107f11f150f62091a792fcdf224dbf8d6c351d24e2b1d08aabb077e655feb"
"toml","customize","bmm","bmm/agents/bmad-agent-pm/customize.toml","086d498b0e3d0c5dd193f8347ba30fdc93efcb57bbdfaff21fb0b418dba81ba8"
"toml","customize","bmm","bmm/agents/bmad-agent-ux-designer/customize.toml","3df7da44945f9df34dbb3a64de086c756e6c298e73078e388e8f9a4f57cbf7ab"
"toml","customize","bmm","bmm/plan/bmad-architecture/customize.toml","a6bb60a3adf976031f2870203285b1fc7a56e71e21232cd23bba544b178b5f15"
"toml","customize","bmm","bmm/plan/bmad-create-epics-and-stories/customize.toml","da9e43605bc6aec83173050b5d37ede6aebfa9a17c5959a5029681d73e744ba3"
"toml","customize","bmm","bmm/plan/bmad-prd/customize.toml","7f9a3a3503a3f758003ce2f1de59c31cc53658223e355fc76055f3140ef34e90"
"toml","customize","bmm","bmm/plan/bmad-prfaq/customize.toml","8994f925bab65bd310e5ab38781286b6137f3e0c9e89f3ab8a2f480eb05e0de5"
"toml","customize","bmm","bmm/plan/bmad-product-brief/customize.toml","50abc46f7c2e7cc7b02e2edc4aa6a237a46ea49dcc6781da5b42bd8968de39ab"
"toml","customize","bmm","bmm/plan/bmad-project-context/customize.toml","9bf8a3aa919832cd8932853da550fcaebd06a9e13c0cde453f4379d8327f9c0f"
"toml","customize","bmm","bmm/plan/bmad-spec/customize.toml","a89e0f53f9b6386c281dd0158a21801a6b16f122085fd68b0220cd403c18f830"
"toml","customize","bmm","bmm/plan/bmad-sprint-planning/customize.toml","f7bde2f792e8604f26122ee792c5493e270710296044b07680db7d90e886caf3"
"toml","customize","bmm","bmm/plan/bmad-ux/customize.toml","61f8bfbb020beb159b8da570ed416b02ec4a9ba3709aa0d08b417648d85328d8"
"toml","customize","bmm","bmm/ship/bmad-build/customize.toml","68a0134f3f9e7f4a7b077aa2dcca1c68f208701d3487482e84afbee8717efec6"
"toml","customize","bmm","bmm/ship/bmad-build-auto/customize.toml","eb0b39a3e24e86e9dbca98506c8384ec452c539acb690063cabab4385c82f09a"
"toml","customize","bmm","bmm/ship/bmad-checkpoint-preview/customize.toml","1a1e0c3a8914adda3cec925eed51287e067c7f84120de64a8df53348e7b77de5"
"toml","customize","bmm","bmm/ship/bmad-code-review/customize.toml","4f50371c61dea41c100b137e3d2ac750b4e55bb3be55e5a62c77f527dae22f94"
"toml","customize","bmm","bmm/ship/bmad-correct-course/customize.toml","78095d25afb5b2d4844956f61e9ac640a62d0245174fab9406e9c289f33fd84b"
"toml","customize","bmm","bmm/ship/bmad-qa-generate-e2e-tests/customize.toml","04a99926b2d79318b927434c7344dc666f143026ed99c7fcc0d6e3d68263ae66"
"toml","customize","bmm","bmm/ship/bmad-retrospective/customize.toml","ff6fdda35fa4b7d9c2dcb4ffc3e06e56de9a588d4e4e6908379bc16a904d4225"
"toml","customize","bmm","bmm/v6-shims/bmad-create-architecture/customize.toml","618be49b0286f18dfb4b6bac3d96bf1cf062994fa5278cd327be9898e651b43c"
"toml","customize","bmm","bmm/v6-shims/bmad-create-prd/customize.toml","0c990af4c0a755402abbef893850bd542744a8b6f36c0587c9f3fb6dab6bf5e7"
"toml","customize","bmm","bmm/v6-shims/bmad-create-story/customize.toml","1204f6de064436922f2813069778eb4eaa5f1f945aa8ea5a5ffb87897a2ba8fe"
"toml","customize","bmm","bmm/v6-shims/bmad-dev-story/customize.toml","baba9f07f653063aa94981f1413d5dd4f604931077fbfb04d9c2e397f8d33237"
"toml","customize","bmm","bmm/v6-shims/bmad-edit-prd/customize.toml","35cc2dfb3eda73a0ae4dc987cac58867b25c43ce5c5a1bf552e215826ede6c22"
"toml","customize","bmm","bmm/v6-shims/bmad-sprint-status/customize.toml","96261fd227befaa4685b0a5091d3e85299d4ae8e4404176b42f5ef2e2fb501bd"
"toml","customize","bmm","bmm/v6-shims/bmad-validate-prd/customize.toml","bfb3c8af5b81b2cdb9bb84f844f1b0dafc40d8c283effa6ad48db966b9446cef"
"yaml","config","bmm","bmm/config.yaml","0ce0a40d9f7e574c0b0d53d9346ee812738410ab5d1de57f7863e01f36d1dc16"
"yaml","sprint-status-template","bmm","bmm/plan/bmad-sprint-planning/sprint-status-template.yaml","64b1a937e1fe03b8b8d158e3b1caeb89e7d51692a56c16038e2af091decc553a"
"yaml","sprint-status-template","bmm","bmm/ship/bmad-retrospective/scripts/tests/fixtures/sprint-status-template.yaml","64b1a937e1fe03b8b8d158e3b1caeb89e7d51692a56c16038e2af091decc553a"
"csv","design-methods","cis","cis/skills/bmad-cis-design-thinking/design-methods.csv","97a1fa87aaa355ce855c2c4e3bbfde59cb4ed2166cf9896496af786f10c13459"
"csv","innovation-frameworks","cis","cis/skills/bmad-cis-innovation-strategy/innovation-frameworks.csv","bd1d191062302353d2562a54751f8f263ce47e143202e2c0fe41315c2be9eb95"
"csv","module-help","cis","cis/module-help.csv","09a9e0534d6b82495e4703561a63d4b239a7e9e2053883630865f50b5a5d43d5"
"csv","solving-methods","cis","cis/skills/bmad-cis-problem-solving/solving-methods.csv","f3a380b12b21ec2410d1ac44bc8ca1970b0a04a21bfe3dd0370ac7ed1ec0d2c0"
"csv","story-types","cis","cis/skills/bmad-cis-storytelling/story-types.csv","8cf3d49d3ce771f30b6d9c0c936d35f92b8af23e0962c876df832c02d605f1ce"
"md","SKILL","cis","cis/skills/bmad-cis-agent-brainstorming-coach/SKILL.md","cc8236c9486f673a5cdba7add9d03e51e079030edda651f4fc51d7d4939a59f1"
"md","SKILL","cis","cis/skills/bmad-cis-agent-creative-problem-solver/SKILL.md","22a2e97d4bbf9bce567b1e1a47e8cab83db4702e812bb1daec3479fa71d3e026"
"md","SKILL","cis","cis/skills/bmad-cis-agent-design-thinking-coach/SKILL.md","c7e31556d693899ebd7aa314c283a64fab3f004ee86b6e2320ae45e448f41592"
"md","SKILL","cis","cis/skills/bmad-cis-agent-innovation-strategist/SKILL.md","6a3868a976c7d34fdf78fa48520d17893401f63828a28f1f2c4aa4846c3c583d"
"md","SKILL","cis","cis/skills/bmad-cis-agent-presentation-master/SKILL.md","08805ba4e8e9ad0e218fd28e5b7bef866e70a819e1121f3ee2731ed22c241bf0"
"md","SKILL","cis","cis/skills/bmad-cis-agent-storyteller/SKILL.md","dea71440469c6fa5da3c0483c0e7a063fd8e01ab97c353bbbe3cdfbbc8dcdedc"
"md","SKILL","cis","cis/skills/bmad-cis-design-thinking/SKILL.md","56569f3e7cce44d389c7f9e8b55a809c45141675028560c385e62158f045571d"
"md","SKILL","cis","cis/skills/bmad-cis-innovation-strategy/SKILL.md","1f91845f75b7aa441102ef44937b7d61b36a9431fcc2f0a39222662f451b03d3"
"md","SKILL","cis","cis/skills/bmad-cis-problem-solving/SKILL.md","4ae05e3c1f7bfd69869cc5b4c9180e3fb30de654ed886745902f1854e5569a57"
"md","SKILL","cis","cis/skills/bmad-cis-storytelling/SKILL.md","c933e3d6c08389b60ee69e67dad3190aaae80991d65cafc5b3e41136ae0dc59b"
"md","template","cis","cis/skills/bmad-cis-design-thinking/template.md","7bcf6d0cd09de3c0d91f3f49ee280177365dabb64ed814b97e83e73082643c37"
"md","template","cis","cis/skills/bmad-cis-innovation-strategy/template.md","ab574d69fa13e21c806101a9089563b541013f6df44255d800ea24d4cb6d7136"
"md","template","cis","cis/skills/bmad-cis-problem-solving/template.md","c46fbdf42a1d9ad732f562e4add05020198ffc7ba18d134718e1cd960752c390"
"md","template","cis","cis/skills/bmad-cis-storytelling/template.md","290615dbd530dc13843a87ebedd107b390bcfd57cf68df67cd250dea8f49b2dd"
"toml","customize","cis","cis/skills/bmad-cis-agent-brainstorming-coach/customize.toml","955151ab26da103461d5d8a0b9b596dbd9358eb7dd5af8f134bbf8a1afb4edbf"
"toml","customize","cis","cis/skills/bmad-cis-agent-creative-problem-solver/customize.toml","b10e79f851f8361e3a818416050b04e75340e3d9e1be9b96bb865d248ef8bd22"
"toml","customize","cis","cis/skills/bmad-cis-agent-design-thinking-coach/customize.toml","8066be30a3f41034e8c9e229b43dac468e21107c3195ff36ba27ea1f4869a807"
"toml","customize","cis","cis/skills/bmad-cis-agent-innovation-strategist/customize.toml","17abb1c436da3b1fb570e7d3788820824db0c4e1cd0ea81ad9fc35ebecec1ee8"
"toml","customize","cis","cis/skills/bmad-cis-agent-presentation-master/customize.toml","c85428ba2564a1cc85da163163803b3d62abf5641cb248526b446eae8f7ce4e6"
"toml","customize","cis","cis/skills/bmad-cis-agent-storyteller/customize.toml","037a637404b28bad3ccacafea0d9e8f349e0913f00d53ef9dfcac0a537e004fd"
"toml","customize","cis","cis/skills/bmad-cis-design-thinking/customize.toml","f0bfe82c0c1f585cfa73d0fd5a8cf0a2b7f99f06bbe18311312b7b1555a5fdfa"
"toml","customize","cis","cis/skills/bmad-cis-innovation-strategy/customize.toml","087742d36f07d0764e4cb92899edd479b7c36bbd259d41ce347405931c1bf53d"
"toml","customize","cis","cis/skills/bmad-cis-problem-solving/customize.toml","e01b3b00e81816d501557157ec3b40cd5823a6fb154e8dd94b63589d4efb66bf"
"toml","customize","cis","cis/skills/bmad-cis-storytelling/customize.toml","b94a5015f893614d340646544242c283b70089f15b161bbe3a7dd0682ab50e52"
"yaml","config","cis","cis/config.yaml","1b6d00827682430b9a3467d18b58904176f2542f9a029aa34e7dbf6493974be2"
"toml","config","config.toml","config.toml","19de8012b8162c44480a47274eae77bc533008b699b22cab20440f67b5eeaef0"
"toml","config.user","config.user.toml","config.user.toml","a831082eea5409cac15a81f3a51b4404dde742472ad83da6d5698989a3642950"
"csv","brain-methods","core","core/bmad-brainstorming/assets/brain-methods.csv","fff112eabca1a9cb8b190f8314bc47678becc5782a2372e11c83daa0e33b6dfd"
"csv","methods","core","core/bmad-advanced-elicitation/assets/methods.csv","d110ff5f076fb9421552b83692fde2c2d367734049169c7a55f7267a3dc7ef89"
"csv","module-help","core","core/module-help.csv","3d5feb19c1750d35676530c746a5c71e8959616f3c32fb161847971611d81b6b"
"html","brain-selector","core","core/bmad-brainstorming/assets/brain-selector.html","c110919a3366bd96061f050f98503e3586185e3d1df5ff8b62a5a046c571a436"
"json","brain-icons","core","core/bmad-brainstorming/assets/brain-icons.json","a101c56e89f1d0f9e4131dfdfc19e10c746e3a61c3f92537d04a6f4897b7d331"
"md","academic-lit","core","core/bmad-deep-recon/types/academic-lit.md","514b0b7b1184cb95363dedeb0c2298a9bf5c430c74146fe2114f31780fadb325"
"md","competitive","core","core/bmad-deep-recon/types/competitive.md","39b53df87d295fdc4388719fcdf31ad2221e64afc136e669207f46d2727a3aec"
"md","converge","core","core/bmad-brainstorming/references/converge.md","1528c32ddc64f8061fec663306f7208d2fd4d4a90e660552b8138bda7e452dc0"
"md","create-party","core","core/bmad-party-mode/references/create-party.md","2f810332c36c17d14eb55717aed48f3020acf0713bb9f932479be9fbc3856e9e"
"md","domain","core","core/bmad-deep-recon/types/domain.md","3a34b2e62c3589f8c8d01158357ee9fba32648c9fdfe70035bb3ca971862896b"
"md","draft","core","core/bmad-deep-recon/references/draft.md","ac19b33a00ca529c3281df6076f87a833a3b11fc30915ca2c6e7590f7986b90e"
"md","editorial-common","core","core/bmad-review/references/editorial-common.md","f0cdc72ea345b2c5dc3001477b3dfcc909ca11b78f7db8865b6763d18ffc66c8"
"md","finalize","core","core/bmad-brainstorming/references/finalize.md","b6074e7fb4d86ffcf899abc50b9049b4a1f6fe550917f4be7a1c7a888477e07e"
"md","finalize","core","core/bmad-deep-recon/references/finalize.md","d2ba4bee615dfbca6e7725179fb5ebd856dd34a54ba3f306e25255dfd7b1d126"
"md","headless","core","core/bmad-brainstorming/references/headless.md","b8ea5951199cff7e4813e06aef35683ca0658230fa015e358cacc466b1138a42"
"md","html-briefing","core","core/bmad-deep-recon/references/html-briefing.md","cd3a88c1a5505fa7f1b715afc3adb34f3d64ade66f4c6b49a59f7e8cfcbe38d4"
"md","in-chat-techniques","core","core/bmad-brainstorming/references/in-chat-techniques.md","18239464e3e4f00ea9063d015d26d6b0a696b72e7e3c5be92352da6db9a3f244"
"md","lens-adversarial","core","core/bmad-review/references/lens-adversarial.md","7c5ce97ab2f3ecb96ceb6aa76417f68c1b7df535edd3cc51666d8e1216e6e557"
"md","lens-edge-case-hunter","core","core/bmad-review/references/lens-edge-case-hunter.md","f2709e3adb40943ea0f19d0797be379caf0875eaef9a55081dc1e170e8288b68"
"md","lens-prose","core","core/bmad-review/references/lens-prose.md","4cbcb1eaea8567d272f5db7c6cdfd74ed5a8aae6831053cb2f01cbfc2cb98b98"
"md","lens-structure","core","core/bmad-review/references/lens-structure.md","98c08221f517133e57ef6325013935360c3365ebd7dcb8411b2050d7df507ee3"
"md","lens-verification-gap","core","core/bmad-review/references/lens-verification-gap.md","e7123d81171eeeee1b3782d13d94c2988969fe357dd71949131a5eb97803e2c6"
"md","lifecycle","core","core/bmad-deep-recon/references/lifecycle.md","2315fd9cb9223504639616b861ad593bfecb53d605efbd598ae2cf94fb6c4cdf"
"md","market","core","core/bmad-deep-recon/types/market.md","81ac04499da441857672e29fcd7169436a7e239e67194288ac0d526ec514cb5e"
"md","mode-agent-team","core","core/bmad-party-mode/references/mode-agent-team.md","def759a17f4bb45463b68fb74c2b828b0a4241720b2b6cc1c9c611a1016ae9d7"
"md","mode-auto","core","core/bmad-party-mode/references/mode-auto.md","a37fd24f76dfcde385890d5c5947bb6f40ca44bea86c805d267b6ae3aab39f70"
"md","mode-autonomous","core","core/bmad-brainstorming/references/mode-autonomous.md","d815d2c7f0f8cc0cdfa7c619eaf61f59fd78142f13c69365eda257da38b97bdf"
"md","mode-facilitator","core","core/bmad-brainstorming/references/mode-facilitator.md","1b908498d285d190859aed00c3ba5b399d7f6aa8e94d54e95456d15cd6fe6073"
"md","mode-partner","core","core/bmad-brainstorming/references/mode-partner.md","caa0ed378c116def4de382f4e5a95173c6ae6cc5464f1792e7d8196360f79c8a"
"md","mode-subagent","core","core/bmad-party-mode/references/mode-subagent.md","86161b24a0b13b8f9cb9309042e4249d8caefff8cc33728b084cd2ec22f9d2e1"
"md","party-memory","core","core/bmad-party-mode/references/party-memory.md","800b4b4b920bb881a7b32aaabca8559a98273799b2476d83a23e290e301fb315"
"md","process","core","core/bmad-deep-recon/references/process.md","9017d04774807a29103ea97331e555e2793f90098af65752b72f3ee09df85906"
"md","README","core","core/v6-shims/README.md","017900bb03baeddc0262041a6aa85bce744e8c45991dcde32ef042f9bc2a32b2"
"md","research.template","core","core/bmad-deep-recon/assets/research.template.md","87d7cfa85fa5036b5a309b7bfb88f7934f50bb81f3cff02d2b49b4c7345cfc38"
"md","resume","core","core/bmad-brainstorming/references/resume.md","0f79535d72eefe6c55bd5ae47fe4753de8d27235cf129f10b2c596a124c26526"
"md","run","core","core/bmad-deep-recon/references/run.md","8e259dc88820ac989c79620af5c37e24f00df21ac4af308ce3563c0e66c9406c"
"md","selection","core","core/bmad-deep-recon/references/selection.md","2b488c08f9550afe7fda32c2dc5d4591927afd7b9ad507fcce0ae8593c4b9d31"
"md","SKILL","core","core/bmad-advanced-elicitation/SKILL.md","23a1f2903f6a19255e3ceae798afe48f6394694769b3b034502d174d683612b2"
"md","SKILL","core","core/bmad-brainstorming/SKILL.md","e9cb07fe86aa254f9fb7217720d77fd693bf66a0c01af8114ecdf7148159fdd1"
"md","SKILL","core","core/bmad-customize/SKILL.md","a42086f90024013e2611503eb0224ac0e90b2aecac44a886ae0e38cfdda69511"
"md","SKILL","core","core/bmad-deep-recon/SKILL.md","dce5f7db03094a617cc3fcae1711b1dc7ccebe379376e67216544956d375f0d2"
"md","SKILL","core","core/bmad-forge-idea/SKILL.md","a838096deb871b3482dffe6163be16104f7911698b25af5617751655fd3295c9"
"md","SKILL","core","core/bmad-help/SKILL.md","68a19089a0073b299c705e9afaa8d18183e78f88a185a68e9efba2e14062effc"
"md","SKILL","core","core/bmad-party-mode/SKILL.md","de035b4e081fdd626a20114178f706ac222f519171d82b02139a7cec561a3487"
"md","SKILL","core","core/bmad-review/SKILL.md","144e6c46d9157f7a88722c56139cd78c12903b1283ed84dd9c2b1f5dfa7673c1"
"md","SKILL","core","core/v6-shims/bmad-editorial-review/SKILL.md","3b939876b4977bec7f2d3ee33a8871b266f25efc72768d72868ac26ff9158cd2"
"md","SKILL","core","core/v6-shims/bmad-editorial-review-prose/SKILL.md","153e7b0a240c3f5e49d6128ff1797aabc368618611d895f7f152e73fbcb12fab"
"md","SKILL","core","core/v6-shims/bmad-editorial-review-structure/SKILL.md","5e45da216b00aad3955a7196df6cb8e52167f441d2dcd7c064983881691bf1e8"
"md","SKILL","core","core/v6-shims/bmad-review-adversarial-general/SKILL.md","ca1d05a05eb41ec446abd862e9afe4a88b9188a3bb93bc3e70ca68ecb8740619"
"md","SKILL","core","core/v6-shims/bmad-review-edge-case-hunter/SKILL.md","f9db1d7f58c5e3f7586c10c920d4dd9d6c6d6e2dff5cd49110ec1edb387937a1"
"md","SKILL","core","core/v6-shims/bmad-review-verification-gap/SKILL.md","4ee67cc3d7355ba05d195797cb2d57d45f9046ee31781f2d133ff3484cfb53ae"
"md","structure-models","core","core/bmad-review/references/structure-models.md","f84f85070e1af75f2482757aba9d37d69d805a20826d185527e598f2ba6b9292"
"md","synthesis","core","core/bmad-deep-recon/references/synthesis.md","4d9ef1247ab45241f919010e94c99699abc0a6e18b5bd68fa93ae54afe59d172"
"md","technical","core","core/bmad-deep-recon/types/technical.md","55f71428c70547b89d67ef0c6cdad59caeb0ee21082cd1230c05618ba8d04707"
"md","user-voice","core","core/bmad-deep-recon/types/user-voice.md","1831ce46e53e8c68244d28e336c5ef9e53e64f21a00b74a817b9b2924c1e8e72"
"md","verification","core","core/bmad-deep-recon/references/verification.md","0393ded4828fec69a4819d7236827910d641d09c3b61144c0211a9a78776fdd2"
"py","brain","core","core/bmad-brainstorming/scripts/brain.py","1c75c667fc70a85055dd19d77fb21478e190874e4a61d070c3b0971dd1bd25cc"
"py","list_customizable_skills","core","core/bmad-customize/scripts/list_customizable_skills.py","8787f542930b927789e7fdf12bc5a67ff08e19865903a5ad05ff2cc8fc426b66"
"py","pick_methods","core","core/bmad-advanced-elicitation/scripts/pick_methods.py","60020ec4767894ea3d8707c4b61e78b679d434315be1dd29154bf64d88126fff"
"py","recon_kit","core","core/bmad-deep-recon/scripts/recon_kit.py","8cb5187b5114b779532907383a013d40fdea1022bb9bed9a23bd8d0fdfa79e8c"
"py","resolve_party","core","core/bmad-party-mode/scripts/resolve_party.py","0bed5ad2139f4412699c07d571c218470901b901ca4a72b441ec9308dbc8ce74"
"py","resolve_personas","core","core/bmad-forge-idea/scripts/resolve_personas.py","b3e5f2f38de013ad878d8ac9c1d4e77d555c2d665dd6c0bc16f9f567d2bbd30c"
"py","test_brain","core","core/bmad-brainstorming/scripts/tests/test_brain.py","021c0b9fae8db859725312d50d8b304fff00ee7acc310699c35523e86bffbdd8"
"py","test_list_customizable_skills","core","core/bmad-customize/scripts/tests/test_list_customizable_skills.py","24c3d384b3b5d490b7335c17866bfe0425af253ce669c32382fa88feb705934d"
"py","test_pick_methods","core","core/bmad-advanced-elicitation/scripts/tests/test_pick_methods.py","610099d8494529f9203d7262567810b500552bcef006b3b6388d58da3da71978"
"py","test_recon_kit","core","core/bmad-deep-recon/scripts/tests/test_recon_kit.py","1b4ddf482dd2d11a214ee2f821c35d7a8c41905b5d8d9cc69a293304bb8a1665"
"py","test_resolve_party","core","core/bmad-party-mode/scripts/tests/test_resolve_party.py","bb53fe03ec3013ed96c0fb399c1948f28bcf55cb2d7727fe0189343fcaa667d5"
"py","test_resolve_personas","core","core/bmad-forge-idea/scripts/tests/test_resolve_personas.py","1c4fa4b1d68bfbd10e4b38cad3c8286dad62345cebd08fe94a6862351b02855e"
"py","test_word_metrics","core","core/bmad-review/scripts/tests/test_word_metrics.py","3b5a285d3c9f611b3cda8c9c1d52d6b214c1f72e6e64a94ea5b0e220db5a8765"
"py","word_metrics","core","core/bmad-review/scripts/word_metrics.py","fb45007a7f3cfc18d13ee8bd4787facdaae297570193bc769456297dd33da78b"
"toml","customize","core","core/bmad-advanced-elicitation/customize.toml","735a276edd51786ccfd2c3417d9a2b9dee4244a6102698981b3888f68d979ed9"
"toml","customize","core","core/bmad-brainstorming/customize.toml","21fcbc60c78db99ca0424da192ba0942dce2189f350f77838e4d3ecd501edd1c"
"toml","customize","core","core/bmad-deep-recon/customize.toml","24d1383066034fd4fcf282279aaf0d29d21910fd1247dfe3dbad74a70e78814d"
"toml","customize","core","core/bmad-forge-idea/customize.toml","ef5fadd1df3550cae00b1b442606bf84d187bfd55397563f143e1057430df45c"
"toml","customize","core","core/bmad-party-mode/customize.toml","9c6ee33cd7fdd80e4adf514c3d54636d933d5250c2ddd78041c6cfe73b745bb0"
"toml","customize","core","core/bmad-review/customize.toml","38470c888a809ee030dc11d38868bb1ac5c1d547f06d218b711be5df53385c00"
"toml","customize","core","core/v6-shims/bmad-editorial-review/customize.toml","a5c5fed539e6543121e57cc29bb65559bb6391efc806bf8759c8e29697a94a34"
"yaml","config","core","core/config.yaml","eda1a1d47ec3f6cad7ced86779dfc7168369b1eeb2a5400a58f3831b5ae3a03c"
"file",".gitignore","custom","custom/.gitignore","973b03a33f142c22cf9b65be285bebadd85790b6b55be04637d2f8c716f58fab"
"file",".gitignore","render","render/.gitignore","240a3e0d37d2e86b614063f5347eb02d4f99ca6c254de6b82871ff8d95532a7d"
"py","config_utils","scripts","scripts/config_utils.py","48afe2bc18a29201e343cce3703be1e70df9c83ee74eeb68e57ef8ef42e8c651"
"py","memlog","scripts","scripts/memlog.py","3b00f82ca33dc4227f715123b939514ee35c4f9c71150c894c3d8185df1b48df"
"py","render_skill","scripts","scripts/render_skill.py","8496d0d8b449d64c21b42a9aab3b13fc8a813a430c0695ffd84ad75bb1da7942"
"py","resolve_config","scripts","scripts/resolve_config.py","fc78866fd42862d486d4346d2b35705f916a19e6c07bb474f8add25c71734a8e"
"py","resolve_customization","scripts","scripts/resolve_customization.py","9b5124e0b781823a015a19d6cf5db52bbc34b6bab41c036fd1b3d464c2a137cd"
"cjs","tea-enforce","tea","tea/workflows/testarch/bmad-testarch-framework/resources/hooks/tea-enforce.cjs","7c9c918f90d32678942c020e5e97445a4a47ce4feb6ecfc4c08195e4edf355cc"
"csv","module-help","tea","tea/module-help.csv","859219d05cb9fbc8e5848b15d7fcdc38392707a182a10757fee9cbc8a351f2b9"
"csv","tea-index","tea","tea/agents/bmad-tea/resources/tea-index.csv","8d322863619499654f57267720d3bced89414b518b23ff29ec814cadf3924d4d"
"csv","tea-index","tea","tea/workflows/testarch/bmad-testarch-atdd/resources/tea-index.csv","8d322863619499654f57267720d3bced89414b518b23ff29ec814cadf3924d4d"
"csv","tea-index","tea","tea/workflows/testarch/bmad-testarch-automate/resources/tea-index.csv","8d322863619499654f57267720d3bced89414b518b23ff29ec814cadf3924d4d"
"csv","tea-index","tea","tea/workflows/testarch/bmad-testarch-ci/resources/tea-index.csv","8d322863619499654f57267720d3bced89414b518b23ff29ec814cadf3924d4d"
"csv","tea-index","tea","tea/workflows/testarch/bmad-testarch-framework/resources/tea-index.csv","8d322863619499654f57267720d3bced89414b518b23ff29ec814cadf3924d4d"
"csv","tea-index","tea","tea/workflows/testarch/bmad-testarch-nfr/resources/tea-index.csv","8d322863619499654f57267720d3bced89414b518b23ff29ec814cadf3924d4d"
"csv","tea-index","tea","tea/workflows/testarch/bmad-testarch-test-design/resources/tea-index.csv","8d322863619499654f57267720d3bced89414b518b23ff29ec814cadf3924d4d"
"csv","tea-index","tea","tea/workflows/testarch/bmad-testarch-test-review/resources/tea-index.csv","8d322863619499654f57267720d3bced89414b518b23ff29ec814cadf3924d4d"
"csv","tea-index","tea","tea/workflows/testarch/bmad-testarch-trace/resources/tea-index.csv","8d322863619499654f57267720d3bced89414b518b23ff29ec814cadf3924d4d"
"groovy","jenkins-pipeline-template","tea","tea/workflows/testarch/bmad-testarch-ci/jenkins-pipeline-template.groovy","ae865401625d2d20b9396d41e333f39bc167967e1949761301e551131c4c7958"
"json","live-verification-results.example","tea","tea/workflows/testarch/bmad-testarch-trace/resources/live-verification-results.example.json","d0b2362ac20fc2bc53826700f1b0168e250e37b9d1ad0e3626b6199cafd7a557"
"md","adr-quality-readiness-checklist","tea","tea/agents/bmad-tea/resources/knowledge/adr-quality-readiness-checklist.md","34bf3460bd3218ce00efc148137f2dc67dfac2d69215c362978ca688e2fe4420"
"md","adr-quality-readiness-checklist","tea","tea/workflows/testarch/bmad-testarch-atdd/resources/knowledge/adr-quality-readiness-checklist.md","34bf3460bd3218ce00efc148137f2dc67dfac2d69215c362978ca688e2fe4420"
"md","adr-quality-readiness-checklist","tea","tea/workflows/testarch/bmad-testarch-automate/resources/knowledge/adr-quality-readiness-checklist.md","34bf3460bd3218ce00efc148137f2dc67dfac2d69215c362978ca688e2fe4420"
"md","adr-quality-readiness-checklist","tea","tea/workflows/testarch/bmad-testarch-ci/resources/knowledge/adr-quality-readiness-checklist.md","34bf3460bd3218ce00efc148137f2dc67dfac2d69215c362978ca688e2fe4420"
"md","adr-quality-readiness-checklist","tea","tea/workflows/testarch/bmad-testarch-framework/resources/knowledge/adr-quality-readiness-checklist.md","34bf3460bd3218ce00efc148137f2dc67dfac2d69215c362978ca688e2fe4420"
"md","adr-quality-readiness-checklist","tea","tea/workflows/testarch/bmad-testarch-nfr/resources/knowledge/adr-quality-readiness-checklist.md","34bf3460bd3218ce00efc148137f2dc67dfac2d69215c362978ca688e2fe4420"
"md","adr-quality-readiness-checklist","tea","tea/workflows/testarch/bmad-testarch-test-design/resources/knowledge/adr-quality-readiness-checklist.md","34bf3460bd3218ce00efc148137f2dc67dfac2d69215c362978ca688e2fe4420"
"md","adr-quality-readiness-checklist","tea","tea/workflows/testarch/bmad-testarch-test-review/resources/knowledge/adr-quality-readiness-checklist.md","34bf3460bd3218ce00efc148137f2dc67dfac2d69215c362978ca688e2fe4420"
"md","adr-quality-readiness-checklist","tea","tea/workflows/testarch/bmad-testarch-trace/resources/knowledge/adr-quality-readiness-checklist.md","34bf3460bd3218ce00efc148137f2dc67dfac2d69215c362978ca688e2fe4420"
"md","api-request","tea","tea/agents/bmad-tea/resources/knowledge/api-request.md","16f960069ef96335ea83c8af5f48606a40fa9c099be219d5edff441a281e27de"
"md","api-request","tea","tea/workflows/testarch/bmad-testarch-atdd/resources/knowledge/api-request.md","16f960069ef96335ea83c8af5f48606a40fa9c099be219d5edff441a281e27de"
"md","api-request","tea","tea/workflows/testarch/bmad-testarch-automate/resources/knowledge/api-request.md","16f960069ef96335ea83c8af5f48606a40fa9c099be219d5edff441a281e27de"
"md","api-request","tea","tea/workflows/testarch/bmad-testarch-ci/resources/knowledge/api-request.md","16f960069ef96335ea83c8af5f48606a40fa9c099be219d5edff441a281e27de"
"md","api-request","tea","tea/workflows/testarch/bmad-testarch-framework/resources/knowledge/api-request.md","16f960069ef96335ea83c8af5f48606a40fa9c099be219d5edff441a281e27de"
"md","api-request","tea","tea/workflows/testarch/bmad-testarch-nfr/resources/knowledge/api-request.md","16f960069ef96335ea83c8af5f48606a40fa9c099be219d5edff441a281e27de"
"md","api-request","tea","tea/workflows/testarch/bmad-testarch-test-design/resources/knowledge/api-request.md","16f960069ef96335ea83c8af5f48606a40fa9c099be219d5edff441a281e27de"
"md","api-request","tea","tea/workflows/testarch/bmad-testarch-test-review/resources/knowledge/api-request.md","16f960069ef96335ea83c8af5f48606a40fa9c099be219d5edff441a281e27de"
"md","api-request","tea","tea/workflows/testarch/bmad-testarch-trace/resources/knowledge/api-request.md","16f960069ef96335ea83c8af5f48606a40fa9c099be219d5edff441a281e27de"
"md","api-testing-patterns","tea","tea/agents/bmad-tea/resources/knowledge/api-testing-patterns.md","3bd123dc827fc192c3c7d2d0d55320a17922fcc69c466c080bf08d05d39f1ff6"
"md","api-testing-patterns","tea","tea/workflows/testarch/bmad-testarch-atdd/resources/knowledge/api-testing-patterns.md","3bd123dc827fc192c3c7d2d0d55320a17922fcc69c466c080bf08d05d39f1ff6"
"md","api-testing-patterns","tea","tea/workflows/testarch/bmad-testarch-automate/resources/knowledge/api-testing-patterns.md","3bd123dc827fc192c3c7d2d0d55320a17922fcc69c466c080bf08d05d39f1ff6"
"md","api-testing-patterns","tea","tea/workflows/testarch/bmad-testarch-ci/resources/knowledge/api-testing-patterns.md","3bd123dc827fc192c3c7d2d0d55320a17922fcc69c466c080bf08d05d39f1ff6"
"md","api-testing-patterns","tea","tea/workflows/testarch/bmad-testarch-framework/resources/knowledge/api-testing-patterns.md","3bd123dc827fc192c3c7d2d0d55320a17922fcc69c466c080bf08d05d39f1ff6"
"md","api-testing-patterns","tea","tea/workflows/testarch/bmad-testarch-nfr/resources/knowledge/api-testing-patterns.md","3bd123dc827fc192c3c7d2d0d55320a17922fcc69c466c080bf08d05d39f1ff6"
"md","api-testing-patterns","tea","tea/workflows/testarch/bmad-testarch-test-design/resources/knowledge/api-testing-patterns.md","3bd123dc827fc192c3c7d2d0d55320a17922fcc69c466c080bf08d05d39f1ff6"
"md","api-testing-patterns","tea","tea/workflows/testarch/bmad-testarch-test-review/resources/knowledge/api-testing-patterns.md","3bd123dc827fc192c3c7d2d0d55320a17922fcc69c466c080bf08d05d39f1ff6"
"md","api-testing-patterns","tea","tea/workflows/testarch/bmad-testarch-trace/resources/knowledge/api-testing-patterns.md","3bd123dc827fc192c3c7d2d0d55320a17922fcc69c466c080bf08d05d39f1ff6"
"md","atdd-checklist-2-4-guest-checkout.example","tea","tea/workflows/testarch/bmad-testarch-atdd/resources/atdd-checklist-2-4-guest-checkout.example.md","b90424ec1622b8b3d4d9bf042e1b7306d49f7045986588af679f15aa537d36a2"
"md","atdd-checklist-template","tea","tea/workflows/testarch/bmad-testarch-atdd/atdd-checklist-template.md","40b63c98973ce138be81904d8dda12afe2ef9de83cda9ad1b71eec456bbbe781"
"md","auth-session","tea","tea/agents/bmad-tea/resources/knowledge/auth-session.md","b65957035e3214eced741962375af997c56589e939a42d836ac60990927f16c7"
"md","auth-session","tea","tea/workflows/testarch/bmad-testarch-atdd/resources/knowledge/auth-session.md","b65957035e3214eced741962375af997c56589e939a42d836ac60990927f16c7"
"md","auth-session","tea","tea/workflows/testarch/bmad-testarch-automate/resources/knowledge/auth-session.md","b65957035e3214eced741962375af997c56589e939a42d836ac60990927f16c7"
"md","auth-session","tea","tea/workflows/testarch/bmad-testarch-ci/resources/knowledge/auth-session.md","b65957035e3214eced741962375af997c56589e939a42d836ac60990927f16c7"
"md","auth-session","tea","tea/workflows/testarch/bmad-testarch-framework/resources/knowledge/auth-session.md","b65957035e3214eced741962375af997c56589e939a42d836ac60990927f16c7"
"md","auth-session","tea","tea/workflows/testarch/bmad-testarch-nfr/resources/knowledge/auth-session.md","b65957035e3214eced741962375af997c56589e939a42d836ac60990927f16c7"
"md","auth-session","tea","tea/workflows/testarch/bmad-testarch-test-design/resources/knowledge/auth-session.md","b65957035e3214eced741962375af997c56589e939a42d836ac60990927f16c7"
"md","auth-session","tea","tea/workflows/testarch/bmad-testarch-test-review/resources/knowledge/auth-session.md","b65957035e3214eced741962375af997c56589e939a42d836ac60990927f16c7"
"md","auth-session","tea","tea/workflows/testarch/bmad-testarch-trace/resources/knowledge/auth-session.md","b65957035e3214eced741962375af997c56589e939a42d836ac60990927f16c7"
"md","automation-summary.example","tea","tea/workflows/testarch/bmad-testarch-automate/resources/automation-summary.example.md","3ccb0f9e844e8a8c33006fcc15e11c0f2eaabcb052e75e0d11fd084d8808d78a"
"md","burn-in","tea","tea/agents/bmad-tea/resources/knowledge/burn-in.md","c355eca566d7f27d2a40beab0aeec9cf3ba9b80fd8198f775bdb83c54d9ce0d5"
"md","burn-in","tea","tea/workflows/testarch/bmad-testarch-atdd/resources/knowledge/burn-in.md","c355eca566d7f27d2a40beab0aeec9cf3ba9b80fd8198f775bdb83c54d9ce0d5"
"md","burn-in","tea","tea/workflows/testarch/bmad-testarch-automate/resources/knowledge/burn-in.md","c355eca566d7f27d2a40beab0aeec9cf3ba9b80fd8198f775bdb83c54d9ce0d5"
"md","burn-in","tea","tea/workflows/testarch/bmad-testarch-ci/resources/knowledge/burn-in.md","c355eca566d7f27d2a40beab0aeec9cf3ba9b80fd8198f775bdb83c54d9ce0d5"
"md","burn-in","tea","tea/workflows/testarch/bmad-testarch-framework/resources/knowledge/burn-in.md","c355eca566d7f27d2a40beab0aeec9cf3ba9b80fd8198f775bdb83c54d9ce0d5"
"md","burn-in","tea","tea/workflows/testarch/bmad-testarch-nfr/resources/knowledge/burn-in.md","c355eca566d7f27d2a40beab0aeec9cf3ba9b80fd8198f775bdb83c54d9ce0d5"
"md","burn-in","tea","tea/workflows/testarch/bmad-testarch-test-design/resources/knowledge/burn-in.md","c355eca566d7f27d2a40beab0aeec9cf3ba9b80fd8198f775bdb83c54d9ce0d5"
"md","burn-in","tea","tea/workflows/testarch/bmad-testarch-test-review/resources/knowledge/burn-in.md","c355eca566d7f27d2a40beab0aeec9cf3ba9b80fd8198f775bdb83c54d9ce0d5"
"md","burn-in","tea","tea/workflows/testarch/bmad-testarch-trace/resources/knowledge/burn-in.md","c355eca566d7f27d2a40beab0aeec9cf3ba9b80fd8198f775bdb83c54d9ce0d5"
"md","checklist","tea","tea/workflows/testarch/bmad-teach-me-testing/checklist.md","f54043aff1d6c31df098586c10ec2a328b9822e09f9046e329fdafc5ac101016"
"md","checklist","tea","tea/workflows/testarch/bmad-testarch-atdd/checklist.md","1d990a6b03255f3fd13410b8cbb8910d91bcadd0dc559ca77b15eed4bc782ec0"
"md","checklist","tea","tea/workflows/testarch/bmad-testarch-automate/checklist.md","2c84a738282b5126b2570a80d5c48b6451f33855f93fbadac17181a31e2ee2ee"
"md","checklist","tea","tea/workflows/testarch/bmad-testarch-ci/checklist.md","e0b04864e46012e7ffc5908cd95a929bbd1d4a3b63b6aef34b086af7a4bc7b1e"
"md","checklist","tea","tea/workflows/testarch/bmad-testarch-framework/checklist.md","b5837b7c6e522ac44cc60d04e5cec9c70425b395f0af84b394cecf4893d5bd5f"
"md","checklist","tea","tea/workflows/testarch/bmad-testarch-nfr/checklist.md","381a0b52b0f8ffcadce5976348dd9d70b892ef9b556c53e1c95e267f963197aa"
"md","checklist","tea","tea/workflows/testarch/bmad-testarch-test-design/checklist.md","b542f32e5b54006d55e54786bc0833515549ede2f5fff02d1f9a5c42a887a1af"
"md","checklist","tea","tea/workflows/testarch/bmad-testarch-test-review/checklist.md","390cdd14cc92e6676a9583dbb6d175570cdb18786ccfd2679f05060cc5b57023"
"md","checklist","tea","tea/workflows/testarch/bmad-testarch-trace/checklist.md","01edc8bf1bbdb40ba5ca7b3e3d06f646c2f8a9a362342b16ff86edcb24295251"
"md","ci-burn-in","tea","tea/agents/bmad-tea/resources/knowledge/ci-burn-in.md","4b16166d59e74d29a6a9f5a17f84245505d7d9ce47b17138c7a44d885b7eaa5c"
"md","ci-burn-in","tea","tea/workflows/testarch/bmad-testarch-atdd/resources/knowledge/ci-burn-in.md","4b16166d59e74d29a6a9f5a17f84245505d7d9ce47b17138c7a44d885b7eaa5c"
"md","ci-burn-in","tea","tea/workflows/testarch/bmad-testarch-automate/resources/knowledge/ci-burn-in.md","4b16166d59e74d29a6a9f5a17f84245505d7d9ce47b17138c7a44d885b7eaa5c"
"md","ci-burn-in","tea","tea/workflows/testarch/bmad-testarch-ci/resources/knowledge/ci-burn-in.md","4b16166d59e74d29a6a9f5a17f84245505d7d9ce47b17138c7a44d885b7eaa5c"
"md","ci-burn-in","tea","tea/workflows/testarch/bmad-testarch-framework/resources/knowledge/ci-burn-in.md","4b16166d59e74d29a6a9f5a17f84245505d7d9ce47b17138c7a44d885b7eaa5c"
"md","ci-burn-in","tea","tea/workflows/testarch/bmad-testarch-nfr/resources/knowledge/ci-burn-in.md","4b16166d59e74d29a6a9f5a17f84245505d7d9ce47b17138c7a44d885b7eaa5c"
"md","ci-burn-in","tea","tea/workflows/testarch/bmad-testarch-test-design/resources/knowledge/ci-burn-in.md","4b16166d59e74d29a6a9f5a17f84245505d7d9ce47b17138c7a44d885b7eaa5c"
"md","ci-burn-in","tea","tea/workflows/testarch/bmad-testarch-test-review/resources/knowledge/ci-burn-in.md","4b16166d59e74d29a6a9f5a17f84245505d7d9ce47b17138c7a44d885b7eaa5c"
"md","ci-burn-in","tea","tea/workflows/testarch/bmad-testarch-trace/resources/knowledge/ci-burn-in.md","4b16166d59e74d29a6a9f5a17f84245505d7d9ce47b17138c7a44d885b7eaa5c"
"md","ci-pipeline-progress.example","tea","tea/workflows/testarch/bmad-testarch-ci/resources/ci-pipeline-progress.example.md","1e8aa85946dbea523026baf7473d238a8081e857fed3c35a0e4e619db488d81e"
"md","completion-summary-template","tea","tea/workflows/testarch/bmad-teach-me-testing/templates/completion-summary-template.md","de580ccdeab379888c4c8debea8a64ce0ab1d467ac434179d70a81e8c2e13307"
"md","component-tdd","tea","tea/agents/bmad-tea/resources/knowledge/component-tdd.md","20762e7e52313c550b9a2151ad5df9656a6dfa67d970630f532f55292d49755c"
"md","component-tdd","tea","tea/workflows/testarch/bmad-testarch-atdd/resources/knowledge/component-tdd.md","20762e7e52313c550b9a2151ad5df9656a6dfa67d970630f532f55292d49755c"
"md","component-tdd","tea","tea/workflows/testarch/bmad-testarch-automate/resources/knowledge/component-tdd.md","20762e7e52313c550b9a2151ad5df9656a6dfa67d970630f532f55292d49755c"
"md","component-tdd","tea","tea/workflows/testarch/bmad-testarch-ci/resources/knowledge/component-tdd.md","20762e7e52313c550b9a2151ad5df9656a6dfa67d970630f532f55292d49755c"
"md","component-tdd","tea","tea/workflows/testarch/bmad-testarch-framework/resources/knowledge/component-tdd.md","20762e7e52313c550b9a2151ad5df9656a6dfa67d970630f532f55292d49755c"
"md","component-tdd","tea","tea/workflows/testarch/bmad-testarch-nfr/resources/knowledge/component-tdd.md","20762e7e52313c550b9a2151ad5df9656a6dfa67d970630f532f55292d49755c"
"md","component-tdd","tea","tea/workflows/testarch/bmad-testarch-test-design/resources/knowledge/component-tdd.md","20762e7e52313c550b9a2151ad5df9656a6dfa67d970630f532f55292d49755c"
"md","component-tdd","tea","tea/workflows/testarch/bmad-testarch-test-review/resources/knowledge/component-tdd.md","20762e7e52313c550b9a2151ad5df9656a6dfa67d970630f532f55292d49755c"
"md","component-tdd","tea","tea/workflows/testarch/bmad-testarch-trace/resources/knowledge/component-tdd.md","20762e7e52313c550b9a2151ad5df9656a6dfa67d970630f532f55292d49755c"
"md","confidence-gate","tea","tea/agents/bmad-tea/resources/knowledge/confidence-gate.md","95498e2a664df536eae7b93205b51ba15393e5ab9a223330c8dca397d3203889"
"md","confidence-gate","tea","tea/workflows/testarch/bmad-testarch-atdd/resources/knowledge/confidence-gate.md","95498e2a664df536eae7b93205b51ba15393e5ab9a223330c8dca397d3203889"
"md","confidence-gate","tea","tea/workflows/testarch/bmad-testarch-automate/resources/knowledge/confidence-gate.md","95498e2a664df536eae7b93205b51ba15393e5ab9a223330c8dca397d3203889"
"md","confidence-gate","tea","tea/workflows/testarch/bmad-testarch-ci/resources/knowledge/confidence-gate.md","95498e2a664df536eae7b93205b51ba15393e5ab9a223330c8dca397d3203889"
"md","confidence-gate","tea","tea/workflows/testarch/bmad-testarch-framework/resources/knowledge/confidence-gate.md","95498e2a664df536eae7b93205b51ba15393e5ab9a223330c8dca397d3203889"
"md","confidence-gate","tea","tea/workflows/testarch/bmad-testarch-nfr/resources/knowledge/confidence-gate.md","95498e2a664df536eae7b93205b51ba15393e5ab9a223330c8dca397d3203889"
"md","confidence-gate","tea","tea/workflows/testarch/bmad-testarch-test-design/resources/knowledge/confidence-gate.md","95498e2a664df536eae7b93205b51ba15393e5ab9a223330c8dca397d3203889"
"md","confidence-gate","tea","tea/workflows/testarch/bmad-testarch-test-review/resources/knowledge/confidence-gate.md","95498e2a664df536eae7b93205b51ba15393e5ab9a223330c8dca397d3203889"
"md","confidence-gate","tea","tea/workflows/testarch/bmad-testarch-trace/resources/knowledge/confidence-gate.md","95498e2a664df536eae7b93205b51ba15393e5ab9a223330c8dca397d3203889"
"md","contract-testing","tea","tea/agents/bmad-tea/resources/knowledge/contract-testing.md","1038efd2e90789315994440c54315639ac7579a76779b8b59357276f777c57ae"
"md","contract-testing","tea","tea/workflows/testarch/bmad-testarch-atdd/resources/knowledge/contract-testing.md","1038efd2e90789315994440c54315639ac7579a76779b8b59357276f777c57ae"
"md","contract-testing","tea","tea/workflows/testarch/bmad-testarch-automate/resources/knowledge/contract-testing.md","1038efd2e90789315994440c54315639ac7579a76779b8b59357276f777c57ae"
"md","contract-testing","tea","tea/workflows/testarch/bmad-testarch-ci/resources/knowledge/contract-testing.md","1038efd2e90789315994440c54315639ac7579a76779b8b59357276f777c57ae"
"md","contract-testing","tea","tea/workflows/testarch/bmad-testarch-framework/resources/knowledge/contract-testing.md","1038efd2e90789315994440c54315639ac7579a76779b8b59357276f777c57ae"
"md","contract-testing","tea","tea/workflows/testarch/bmad-testarch-nfr/resources/knowledge/contract-testing.md","1038efd2e90789315994440c54315639ac7579a76779b8b59357276f777c57ae"
"md","contract-testing","tea","tea/workflows/testarch/bmad-testarch-test-design/resources/knowledge/contract-testing.md","1038efd2e90789315994440c54315639ac7579a76779b8b59357276f777c57ae"
"md","contract-testing","tea","tea/workflows/testarch/bmad-testarch-test-review/resources/knowledge/contract-testing.md","1038efd2e90789315994440c54315639ac7579a76779b8b59357276f777c57ae"
"md","contract-testing","tea","tea/workflows/testarch/bmad-testarch-trace/resources/knowledge/contract-testing.md","1038efd2e90789315994440c54315639ac7579a76779b8b59357276f777c57ae"
"md","criteria-registry","tea","tea/workflows/testarch/bmad-testarch-test-review/steps-c/criteria-registry.md","b7eb12d1859fd6a96d3d142f1a4c4c2eea9187a4fead43dc2a52c9c4412c7c30"
"md","data-factories","tea","tea/agents/bmad-tea/resources/knowledge/data-factories.md","8b02e2d42aa86dfe31d95762afed64bcc5d096a3babbb2a729e790cbc0a9cebf"
"md","data-factories","tea","tea/workflows/testarch/bmad-testarch-atdd/resources/knowledge/data-factories.md","8b02e2d42aa86dfe31d95762afed64bcc5d096a3babbb2a729e790cbc0a9cebf"
"md","data-factories","tea","tea/workflows/testarch/bmad-testarch-automate/resources/knowledge/data-factories.md","8b02e2d42aa86dfe31d95762afed64bcc5d096a3babbb2a729e790cbc0a9cebf"
"md","data-factories","tea","tea/workflows/testarch/bmad-testarch-ci/resources/knowledge/data-factories.md","8b02e2d42aa86dfe31d95762afed64bcc5d096a3babbb2a729e790cbc0a9cebf"
"md","data-factories","tea","tea/workflows/testarch/bmad-testarch-framework/resources/knowledge/data-factories.md","8b02e2d42aa86dfe31d95762afed64bcc5d096a3babbb2a729e790cbc0a9cebf"
"md","data-factories","tea","tea/workflows/testarch/bmad-testarch-nfr/resources/knowledge/data-factories.md","8b02e2d42aa86dfe31d95762afed64bcc5d096a3babbb2a729e790cbc0a9cebf"
"md","data-factories","tea","tea/workflows/testarch/bmad-testarch-test-design/resources/knowledge/data-factories.md","8b02e2d42aa86dfe31d95762afed64bcc5d096a3babbb2a729e790cbc0a9cebf"
"md","data-factories","tea","tea/workflows/testarch/bmad-testarch-test-review/resources/knowledge/data-factories.md","8b02e2d42aa86dfe31d95762afed64bcc5d096a3babbb2a729e790cbc0a9cebf"
"md","data-factories","tea","tea/workflows/testarch/bmad-testarch-trace/resources/knowledge/data-factories.md","8b02e2d42aa86dfe31d95762afed64bcc5d096a3babbb2a729e790cbc0a9cebf"
"md","email-auth","tea","tea/agents/bmad-tea/resources/knowledge/email-auth.md","1265f30cdd7b85f164769abf4f6ea86b6abec3acd90653e646a9c9ee17176963"
"md","email-auth","tea","tea/workflows/testarch/bmad-testarch-atdd/resources/knowledge/email-auth.md","1265f30cdd7b85f164769abf4f6ea86b6abec3acd90653e646a9c9ee17176963"
"md","email-auth","tea","tea/workflows/testarch/bmad-testarch-automate/resources/knowledge/email-auth.md","1265f30cdd7b85f164769abf4f6ea86b6abec3acd90653e646a9c9ee17176963"
"md","email-auth","tea","tea/workflows/testarch/bmad-testarch-ci/resources/knowledge/email-auth.md","1265f30cdd7b85f164769abf4f6ea86b6abec3acd90653e646a9c9ee17176963"
"md","email-auth","tea","tea/workflows/testarch/bmad-testarch-framework/resources/knowledge/email-auth.md","1265f30cdd7b85f164769abf4f6ea86b6abec3acd90653e646a9c9ee17176963"
"md","email-auth","tea","tea/workflows/testarch/bmad-testarch-nfr/resources/knowledge/email-auth.md","1265f30cdd7b85f164769abf4f6ea86b6abec3acd90653e646a9c9ee17176963"
"md","email-auth","tea","tea/workflows/testarch/bmad-testarch-test-design/resources/knowledge/email-auth.md","1265f30cdd7b85f164769abf4f6ea86b6abec3acd90653e646a9c9ee17176963"
"md","email-auth","tea","tea/workflows/testarch/bmad-testarch-test-review/resources/knowledge/email-auth.md","1265f30cdd7b85f164769abf4f6ea86b6abec3acd90653e646a9c9ee17176963"
"md","email-auth","tea","tea/workflows/testarch/bmad-testarch-trace/resources/knowledge/email-auth.md","1265f30cdd7b85f164769abf4f6ea86b6abec3acd90653e646a9c9ee17176963"
"md","error-handling","tea","tea/agents/bmad-tea/resources/knowledge/error-handling.md","9122f09fed1f52a679cb513d5d3c7c93c66e9021ee58e99fd66692e50db28be4"
"md","error-handling","tea","tea/workflows/testarch/bmad-testarch-atdd/resources/knowledge/error-handling.md","9122f09fed1f52a679cb513d5d3c7c93c66e9021ee58e99fd66692e50db28be4"
"md","error-handling","tea","tea/workflows/testarch/bmad-testarch-automate/resources/knowledge/error-handling.md","9122f09fed1f52a679cb513d5d3c7c93c66e9021ee58e99fd66692e50db28be4"
"md","error-handling","tea","tea/workflows/testarch/bmad-testarch-ci/resources/knowledge/error-handling.md","9122f09fed1f52a679cb513d5d3c7c93c66e9021ee58e99fd66692e50db28be4"
"md","error-handling","tea","tea/workflows/testarch/bmad-testarch-framework/resources/knowledge/error-handling.md","9122f09fed1f52a679cb513d5d3c7c93c66e9021ee58e99fd66692e50db28be4"
"md","error-handling","tea","tea/workflows/testarch/bmad-testarch-nfr/resources/knowledge/error-handling.md","9122f09fed1f52a679cb513d5d3c7c93c66e9021ee58e99fd66692e50db28be4"
"md","error-handling","tea","tea/workflows/testarch/bmad-testarch-test-design/resources/knowledge/error-handling.md","9122f09fed1f52a679cb513d5d3c7c93c66e9021ee58e99fd66692e50db28be4"
"md","error-handling","tea","tea/workflows/testarch/bmad-testarch-test-review/resources/knowledge/error-handling.md","9122f09fed1f52a679cb513d5d3c7c93c66e9021ee58e99fd66692e50db28be4"
"md","error-handling","tea","tea/workflows/testarch/bmad-testarch-trace/resources/knowledge/error-handling.md","9122f09fed1f52a679cb513d5d3c7c93c66e9021ee58e99fd66692e50db28be4"
"md","evidence-integrity","tea","tea/agents/bmad-tea/resources/knowledge/evidence-integrity.md","28a286ca922058fcc24deb36ac1c52bba3c1e370d2816db8712d4e319de44c31"
"md","evidence-integrity","tea","tea/workflows/testarch/bmad-testarch-atdd/resources/knowledge/evidence-integrity.md","28a286ca922058fcc24deb36ac1c52bba3c1e370d2816db8712d4e319de44c31"
"md","evidence-integrity","tea","tea/workflows/testarch/bmad-testarch-automate/resources/knowledge/evidence-integrity.md","28a286ca922058fcc24deb36ac1c52bba3c1e370d2816db8712d4e319de44c31"
"md","evidence-integrity","tea","tea/workflows/testarch/bmad-testarch-ci/resources/knowledge/evidence-integrity.md","28a286ca922058fcc24deb36ac1c52bba3c1e370d2816db8712d4e319de44c31"
"md","evidence-integrity","tea","tea/workflows/testarch/bmad-testarch-framework/resources/knowledge/evidence-integrity.md","28a286ca922058fcc24deb36ac1c52bba3c1e370d2816db8712d4e319de44c31"
"md","evidence-integrity","tea","tea/workflows/testarch/bmad-testarch-nfr/resources/knowledge/evidence-integrity.md","28a286ca922058fcc24deb36ac1c52bba3c1e370d2816db8712d4e319de44c31"
"md","evidence-integrity","tea","tea/workflows/testarch/bmad-testarch-test-design/resources/knowledge/evidence-integrity.md","28a286ca922058fcc24deb36ac1c52bba3c1e370d2816db8712d4e319de44c31"
"md","evidence-integrity","tea","tea/workflows/testarch/bmad-testarch-test-review/resources/knowledge/evidence-integrity.md","28a286ca922058fcc24deb36ac1c52bba3c1e370d2816db8712d4e319de44c31"
"md","evidence-integrity","tea","tea/workflows/testarch/bmad-testarch-trace/resources/knowledge/evidence-integrity.md","28a286ca922058fcc24deb36ac1c52bba3c1e370d2816db8712d4e319de44c31"
"md","feature-flags","tea","tea/agents/bmad-tea/resources/knowledge/feature-flags.md","37286f0ab1ce44e6d6708cea3118be628e79ca7afdda9cb3084c3d86e07f2f6d"
"md","feature-flags","tea","tea/workflows/testarch/bmad-testarch-atdd/resources/knowledge/feature-flags.md","37286f0ab1ce44e6d6708cea3118be628e79ca7afdda9cb3084c3d86e07f2f6d"
"md","feature-flags","tea","tea/workflows/testarch/bmad-testarch-automate/resources/knowledge/feature-flags.md","37286f0ab1ce44e6d6708cea3118be628e79ca7afdda9cb3084c3d86e07f2f6d"
"md","feature-flags","tea","tea/workflows/testarch/bmad-testarch-ci/resources/knowledge/feature-flags.md","37286f0ab1ce44e6d6708cea3118be628e79ca7afdda9cb3084c3d86e07f2f6d"
"md","feature-flags","tea","tea/workflows/testarch/bmad-testarch-framework/resources/knowledge/feature-flags.md","37286f0ab1ce44e6d6708cea3118be628e79ca7afdda9cb3084c3d86e07f2f6d"
"md","feature-flags","tea","tea/workflows/testarch/bmad-testarch-nfr/resources/knowledge/feature-flags.md","37286f0ab1ce44e6d6708cea3118be628e79ca7afdda9cb3084c3d86e07f2f6d"
"md","feature-flags","tea","tea/workflows/testarch/bmad-testarch-test-design/resources/knowledge/feature-flags.md","37286f0ab1ce44e6d6708cea3118be628e79ca7afdda9cb3084c3d86e07f2f6d"
"md","feature-flags","tea","tea/workflows/testarch/bmad-testarch-test-review/resources/knowledge/feature-flags.md","37286f0ab1ce44e6d6708cea3118be628e79ca7afdda9cb3084c3d86e07f2f6d"
"md","feature-flags","tea","tea/workflows/testarch/bmad-testarch-trace/resources/knowledge/feature-flags.md","37286f0ab1ce44e6d6708cea3118be628e79ca7afdda9cb3084c3d86e07f2f6d"
"md","file-utils","tea","tea/agents/bmad-tea/resources/knowledge/file-utils.md","f348141dc7c2fd75712bdf0074ba292469dd54be20b786a893d21cd85a0f6f0e"
"md","file-utils","tea","tea/workflows/testarch/bmad-testarch-atdd/resources/knowledge/file-utils.md","f348141dc7c2fd75712bdf0074ba292469dd54be20b786a893d21cd85a0f6f0e"
"md","file-utils","tea","tea/workflows/testarch/bmad-testarch-automate/resources/knowledge/file-utils.md","f348141dc7c2fd75712bdf0074ba292469dd54be20b786a893d21cd85a0f6f0e"
"md","file-utils","tea","tea/workflows/testarch/bmad-testarch-ci/resources/knowledge/file-utils.md","f348141dc7c2fd75712bdf0074ba292469dd54be20b786a893d21cd85a0f6f0e"
"md","file-utils","tea","tea/workflows/testarch/bmad-testarch-framework/resources/knowledge/file-utils.md","f348141dc7c2fd75712bdf0074ba292469dd54be20b786a893d21cd85a0f6f0e"
"md","file-utils","tea","tea/workflows/testarch/bmad-testarch-nfr/resources/knowledge/file-utils.md","f348141dc7c2fd75712bdf0074ba292469dd54be20b786a893d21cd85a0f6f0e"
"md","file-utils","tea","tea/workflows/testarch/bmad-testarch-test-design/resources/knowledge/file-utils.md","f348141dc7c2fd75712bdf0074ba292469dd54be20b786a893d21cd85a0f6f0e"
"md","file-utils","tea","tea/workflows/testarch/bmad-testarch-test-review/resources/knowledge/file-utils.md","f348141dc7c2fd75712bdf0074ba292469dd54be20b786a893d21cd85a0f6f0e"
"md","file-utils","tea","tea/workflows/testarch/bmad-testarch-trace/resources/knowledge/file-utils.md","f348141dc7c2fd75712bdf0074ba292469dd54be20b786a893d21cd85a0f6f0e"
"md","fixture-architecture","tea","tea/agents/bmad-tea/resources/knowledge/fixture-architecture.md","636a022ba08faad496c24fdbef2ddff9081a03b608fa6eadd4301e5ebbb1cd0c"
"md","fixture-architecture","tea","tea/workflows/testarch/bmad-testarch-atdd/resources/knowledge/fixture-architecture.md","636a022ba08faad496c24fdbef2ddff9081a03b608fa6eadd4301e5ebbb1cd0c"
"md","fixture-architecture","tea","tea/workflows/testarch/bmad-testarch-automate/resources/knowledge/fixture-architecture.md","636a022ba08faad496c24fdbef2ddff9081a03b608fa6eadd4301e5ebbb1cd0c"
"md","fixture-architecture","tea","tea/workflows/testarch/bmad-testarch-ci/resources/knowledge/fixture-architecture.md","636a022ba08faad496c24fdbef2ddff9081a03b608fa6eadd4301e5ebbb1cd0c"
"md","fixture-architecture","tea","tea/workflows/testarch/bmad-testarch-framework/resources/knowledge/fixture-architecture.md","636a022ba08faad496c24fdbef2ddff9081a03b608fa6eadd4301e5ebbb1cd0c"
"md","fixture-architecture","tea","tea/workflows/testarch/bmad-testarch-nfr/resources/knowledge/fixture-architecture.md","636a022ba08faad496c24fdbef2ddff9081a03b608fa6eadd4301e5ebbb1cd0c"
"md","fixture-architecture","tea","tea/workflows/testarch/bmad-testarch-test-design/resources/knowledge/fixture-architecture.md","636a022ba08faad496c24fdbef2ddff9081a03b608fa6eadd4301e5ebbb1cd0c"
"md","fixture-architecture","tea","tea/workflows/testarch/bmad-testarch-test-review/resources/knowledge/fixture-architecture.md","636a022ba08faad496c24fdbef2ddff9081a03b608fa6eadd4301e5ebbb1cd0c"
"md","fixture-architecture","tea","tea/workflows/testarch/bmad-testarch-trace/resources/knowledge/fixture-architecture.md","636a022ba08faad496c24fdbef2ddff9081a03b608fa6eadd4301e5ebbb1cd0c"
"md","fixtures-composition","tea","tea/agents/bmad-tea/resources/knowledge/fixtures-composition.md","f27a8e0d6108b18a71ec61241df3495b4f3567a52c0abc0c20b90d49a0e40ffc"
"md","fixtures-composition","tea","tea/workflows/testarch/bmad-testarch-atdd/resources/knowledge/fixtures-composition.md","f27a8e0d6108b18a71ec61241df3495b4f3567a52c0abc0c20b90d49a0e40ffc"
"md","fixtures-composition","tea","tea/workflows/testarch/bmad-testarch-automate/resources/knowledge/fixtures-composition.md","f27a8e0d6108b18a71ec61241df3495b4f3567a52c0abc0c20b90d49a0e40ffc"
"md","fixtures-composition","tea","tea/workflows/testarch/bmad-testarch-ci/resources/knowledge/fixtures-composition.md","f27a8e0d6108b18a71ec61241df3495b4f3567a52c0abc0c20b90d49a0e40ffc"
"md","fixtures-composition","tea","tea/workflows/testarch/bmad-testarch-framework/resources/knowledge/fixtures-composition.md","f27a8e0d6108b18a71ec61241df3495b4f3567a52c0abc0c20b90d49a0e40ffc"
"md","fixtures-composition","tea","tea/workflows/testarch/bmad-testarch-nfr/resources/knowledge/fixtures-composition.md","f27a8e0d6108b18a71ec61241df3495b4f3567a52c0abc0c20b90d49a0e40ffc"
"md","fixtures-composition","tea","tea/workflows/testarch/bmad-testarch-test-design/resources/knowledge/fixtures-composition.md","f27a8e0d6108b18a71ec61241df3495b4f3567a52c0abc0c20b90d49a0e40ffc"
"md","fixtures-composition","tea","tea/workflows/testarch/bmad-testarch-test-review/resources/knowledge/fixtures-composition.md","f27a8e0d6108b18a71ec61241df3495b4f3567a52c0abc0c20b90d49a0e40ffc"
"md","fixtures-composition","tea","tea/workflows/testarch/bmad-testarch-trace/resources/knowledge/fixtures-composition.md","f27a8e0d6108b18a71ec61241df3495b4f3567a52c0abc0c20b90d49a0e40ffc"
"md","framework-setup-progress.example","tea","tea/workflows/testarch/bmad-testarch-framework/resources/framework-setup-progress.example.md","87e507fc5c640960ecc648d5712cd17bd1ebf3bdc724874a5170448f80d05457"
"md","instructions","tea","tea/workflows/testarch/bmad-teach-me-testing/instructions.md","bbf8ebf1d5af284a8def0b98d338d14639720f40cc45ff778e02d53ef3ba5c4e"
"md","instructions","tea","tea/workflows/testarch/bmad-testarch-atdd/instructions.md","c8b670e0cec15af3991fa253099a3f34d37b3d97a30b6ab7518268a2967d6c6c"
"md","instructions","tea","tea/workflows/testarch/bmad-testarch-automate/instructions.md","efb5e23367aaf7802542bc28ea538bebc2041f3a5a1a122298414e941682957f"
"md","instructions","tea","tea/workflows/testarch/bmad-testarch-ci/instructions.md","11ad5afa912f011190c536b732e51bb36aab4dc6b630afdac2385af896af19ed"
"md","instructions","tea","tea/workflows/testarch/bmad-testarch-framework/instructions.md","7dd8eba3b29fe76af8433ac7a125a6f1da4ddb9dae06f8acd5d145843d94780b"
"md","instructions","tea","tea/workflows/testarch/bmad-testarch-nfr/instructions.md","b05d244b52c7def0314fc5519c02ed1620abddc0de5bb1b9b15c03497c7fb67b"
"md","instructions","tea","tea/workflows/testarch/bmad-testarch-test-design/instructions.md","259927fcc6b37e57c935668534779d7a9a27f4b532e0719557b22de46801923d"
"md","instructions","tea","tea/workflows/testarch/bmad-testarch-test-review/instructions.md","a09e2e7a956d9213255adbf24c6b82f45f44997d146f97c79c4626f32194127a"
"md","instructions","tea","tea/workflows/testarch/bmad-testarch-trace/instructions.md","b60eb7867ef6c55e2660e74dad09a1d86e8cd7e4a7fa880b149d38b92891bdb7"
"md","intercept-network-call","tea","tea/agents/bmad-tea/resources/knowledge/intercept-network-call.md","47c84d6091054f576a190b01b985ed5914880cd6a9c728458a3812c67185f268"
"md","intercept-network-call","tea","tea/workflows/testarch/bmad-testarch-atdd/resources/knowledge/intercept-network-call.md","47c84d6091054f576a190b01b985ed5914880cd6a9c728458a3812c67185f268"
"md","intercept-network-call","tea","tea/workflows/testarch/bmad-testarch-automate/resources/knowledge/intercept-network-call.md","47c84d6091054f576a190b01b985ed5914880cd6a9c728458a3812c67185f268"
"md","intercept-network-call","tea","tea/workflows/testarch/bmad-testarch-ci/resources/knowledge/intercept-network-call.md","47c84d6091054f576a190b01b985ed5914880cd6a9c728458a3812c67185f268"
"md","intercept-network-call","tea","tea/workflows/testarch/bmad-testarch-framework/resources/knowledge/intercept-network-call.md","47c84d6091054f576a190b01b985ed5914880cd6a9c728458a3812c67185f268"
"md","intercept-network-call","tea","tea/workflows/testarch/bmad-testarch-nfr/resources/knowledge/intercept-network-call.md","47c84d6091054f576a190b01b985ed5914880cd6a9c728458a3812c67185f268"
"md","intercept-network-call","tea","tea/workflows/testarch/bmad-testarch-test-design/resources/knowledge/intercept-network-call.md","47c84d6091054f576a190b01b985ed5914880cd6a9c728458a3812c67185f268"
"md","intercept-network-call","tea","tea/workflows/testarch/bmad-testarch-test-review/resources/knowledge/intercept-network-call.md","47c84d6091054f576a190b01b985ed5914880cd6a9c728458a3812c67185f268"
"md","intercept-network-call","tea","tea/workflows/testarch/bmad-testarch-trace/resources/knowledge/intercept-network-call.md","47c84d6091054f576a190b01b985ed5914880cd6a9c728458a3812c67185f268"
"md","library-integration-mandate","tea","tea/agents/bmad-tea/resources/knowledge/library-integration-mandate.md","8405d96c10d848dd2b685e7ed09dd37a7dc67001eacecf0fa040f58d0b14e9c7"
"md","library-integration-mandate","tea","tea/workflows/testarch/bmad-testarch-atdd/resources/knowledge/library-integration-mandate.md","8405d96c10d848dd2b685e7ed09dd37a7dc67001eacecf0fa040f58d0b14e9c7"
"md","library-integration-mandate","tea","tea/workflows/testarch/bmad-testarch-automate/resources/knowledge/library-integration-mandate.md","8405d96c10d848dd2b685e7ed09dd37a7dc67001eacecf0fa040f58d0b14e9c7"
"md","library-integration-mandate","tea","tea/workflows/testarch/bmad-testarch-ci/resources/knowledge/library-integration-mandate.md","8405d96c10d848dd2b685e7ed09dd37a7dc67001eacecf0fa040f58d0b14e9c7"
"md","library-integration-mandate","tea","tea/workflows/testarch/bmad-testarch-framework/resources/knowledge/library-integration-mandate.md","8405d96c10d848dd2b685e7ed09dd37a7dc67001eacecf0fa040f58d0b14e9c7"
"md","library-integration-mandate","tea","tea/workflows/testarch/bmad-testarch-nfr/resources/knowledge/library-integration-mandate.md","8405d96c10d848dd2b685e7ed09dd37a7dc67001eacecf0fa040f58d0b14e9c7"
"md","library-integration-mandate","tea","tea/workflows/testarch/bmad-testarch-test-design/resources/knowledge/library-integration-mandate.md","8405d96c10d848dd2b685e7ed09dd37a7dc67001eacecf0fa040f58d0b14e9c7"
"md","library-integration-mandate","tea","tea/workflows/testarch/bmad-testarch-test-review/resources/knowledge/library-integration-mandate.md","8405d96c10d848dd2b685e7ed09dd37a7dc67001eacecf0fa040f58d0b14e9c7"
"md","library-integration-mandate","tea","tea/workflows/testarch/bmad-testarch-trace/resources/knowledge/library-integration-mandate.md","8405d96c10d848dd2b685e7ed09dd37a7dc67001eacecf0fa040f58d0b14e9c7"
"md","log","tea","tea/agents/bmad-tea/resources/knowledge/log.md","1d46b7eaf8045175d2c02643dee0aa3c3f9086bfe1476cdb8fab8d21e18c3f03"
"md","log","tea","tea/workflows/testarch/bmad-testarch-atdd/resources/knowledge/log.md","1d46b7eaf8045175d2c02643dee0aa3c3f9086bfe1476cdb8fab8d21e18c3f03"
"md","log","tea","tea/workflows/testarch/bmad-testarch-automate/resources/knowledge/log.md","1d46b7eaf8045175d2c02643dee0aa3c3f9086bfe1476cdb8fab8d21e18c3f03"
"md","log","tea","tea/workflows/testarch/bmad-testarch-ci/resources/knowledge/log.md","1d46b7eaf8045175d2c02643dee0aa3c3f9086bfe1476cdb8fab8d21e18c3f03"
"md","log","tea","tea/workflows/testarch/bmad-testarch-framework/resources/knowledge/log.md","1d46b7eaf8045175d2c02643dee0aa3c3f9086bfe1476cdb8fab8d21e18c3f03"
"md","log","tea","tea/workflows/testarch/bmad-testarch-nfr/resources/knowledge/log.md","1d46b7eaf8045175d2c02643dee0aa3c3f9086bfe1476cdb8fab8d21e18c3f03"
"md","log","tea","tea/workflows/testarch/bmad-testarch-test-design/resources/knowledge/log.md","1d46b7eaf8045175d2c02643dee0aa3c3f9086bfe1476cdb8fab8d21e18c3f03"
"md","log","tea","tea/workflows/testarch/bmad-testarch-test-review/resources/knowledge/log.md","1d46b7eaf8045175d2c02643dee0aa3c3f9086bfe1476cdb8fab8d21e18c3f03"
"md","log","tea","tea/workflows/testarch/bmad-testarch-trace/resources/knowledge/log.md","1d46b7eaf8045175d2c02643dee0aa3c3f9086bfe1476cdb8fab8d21e18c3f03"
"md","maestro-flows","tea","tea/agents/bmad-tea/resources/knowledge/maestro-flows.md","9a5c3a033a2b271bceb2441f9e08475079f2770f6653832cbf7844df01323142"
"md","maestro-flows","tea","tea/workflows/testarch/bmad-testarch-atdd/resources/knowledge/maestro-flows.md","9a5c3a033a2b271bceb2441f9e08475079f2770f6653832cbf7844df01323142"
"md","maestro-flows","tea","tea/workflows/testarch/bmad-testarch-automate/resources/knowledge/maestro-flows.md","9a5c3a033a2b271bceb2441f9e08475079f2770f6653832cbf7844df01323142"
"md","maestro-flows","tea","tea/workflows/testarch/bmad-testarch-ci/resources/knowledge/maestro-flows.md","9a5c3a033a2b271bceb2441f9e08475079f2770f6653832cbf7844df01323142"
"md","maestro-flows","tea","tea/workflows/testarch/bmad-testarch-framework/resources/knowledge/maestro-flows.md","9a5c3a033a2b271bceb2441f9e08475079f2770f6653832cbf7844df01323142"
"md","maestro-flows","tea","tea/workflows/testarch/bmad-testarch-nfr/resources/knowledge/maestro-flows.md","9a5c3a033a2b271bceb2441f9e08475079f2770f6653832cbf7844df01323142"
"md","maestro-flows","tea","tea/workflows/testarch/bmad-testarch-test-design/resources/knowledge/maestro-flows.md","9a5c3a033a2b271bceb2441f9e08475079f2770f6653832cbf7844df01323142"
"md","maestro-flows","tea","tea/workflows/testarch/bmad-testarch-test-review/resources/knowledge/maestro-flows.md","9a5c3a033a2b271bceb2441f9e08475079f2770f6653832cbf7844df01323142"
"md","maestro-flows","tea","tea/workflows/testarch/bmad-testarch-trace/resources/knowledge/maestro-flows.md","9a5c3a033a2b271bceb2441f9e08475079f2770f6653832cbf7844df01323142"
"md","mobile-ci-device-lab","tea","tea/agents/bmad-tea/resources/knowledge/mobile-ci-device-lab.md","8bc844ad8f78e8e664afed80ec6177b2dcdfaaa1ac30aaebfdcbc8e416e27560"
"md","mobile-ci-device-lab","tea","tea/workflows/testarch/bmad-testarch-atdd/resources/knowledge/mobile-ci-device-lab.md","8bc844ad8f78e8e664afed80ec6177b2dcdfaaa1ac30aaebfdcbc8e416e27560"
"md","mobile-ci-device-lab","tea","tea/workflows/testarch/bmad-testarch-automate/resources/knowledge/mobile-ci-device-lab.md","8bc844ad8f78e8e664afed80ec6177b2dcdfaaa1ac30aaebfdcbc8e416e27560"
"md","mobile-ci-device-lab","tea","tea/workflows/testarch/bmad-testarch-ci/resources/knowledge/mobile-ci-device-lab.md","8bc844ad8f78e8e664afed80ec6177b2dcdfaaa1ac30aaebfdcbc8e416e27560"
"md","mobile-ci-device-lab","tea","tea/workflows/testarch/bmad-testarch-framework/resources/knowledge/mobile-ci-device-lab.md","8bc844ad8f78e8e664afed80ec6177b2dcdfaaa1ac30aaebfdcbc8e416e27560"
"md","mobile-ci-device-lab","tea","tea/workflows/testarch/bmad-testarch-nfr/resources/knowledge/mobile-ci-device-lab.md","8bc844ad8f78e8e664afed80ec6177b2dcdfaaa1ac30aaebfdcbc8e416e27560"
"md","mobile-ci-device-lab","tea","tea/workflows/testarch/bmad-testarch-test-design/resources/knowledge/mobile-ci-device-lab.md","8bc844ad8f78e8e664afed80ec6177b2dcdfaaa1ac30aaebfdcbc8e416e27560"
"md","mobile-ci-device-lab","tea","tea/workflows/testarch/bmad-testarch-test-review/resources/knowledge/mobile-ci-device-lab.md","8bc844ad8f78e8e664afed80ec6177b2dcdfaaa1ac30aaebfdcbc8e416e27560"
"md","mobile-ci-device-lab","tea","tea/workflows/testarch/bmad-testarch-trace/resources/knowledge/mobile-ci-device-lab.md","8bc844ad8f78e8e664afed80ec6177b2dcdfaaa1ac30aaebfdcbc8e416e27560"
"md","mobile-test-strategy","tea","tea/agents/bmad-tea/resources/knowledge/mobile-test-strategy.md","a8ced9b7dfe19cdb7e95eba0c577020f5a216ad93303cbaecea450c4f0d778f8"
"md","mobile-test-strategy","tea","tea/workflows/testarch/bmad-testarch-atdd/resources/knowledge/mobile-test-strategy.md","a8ced9b7dfe19cdb7e95eba0c577020f5a216ad93303cbaecea450c4f0d778f8"
"md","mobile-test-strategy","tea","tea/workflows/testarch/bmad-testarch-automate/resources/knowledge/mobile-test-strategy.md","a8ced9b7dfe19cdb7e95eba0c577020f5a216ad93303cbaecea450c4f0d778f8"
"md","mobile-test-strategy","tea","tea/workflows/testarch/bmad-testarch-ci/resources/knowledge/mobile-test-strategy.md","a8ced9b7dfe19cdb7e95eba0c577020f5a216ad93303cbaecea450c4f0d778f8"
"md","mobile-test-strategy","tea","tea/workflows/testarch/bmad-testarch-framework/resources/knowledge/mobile-test-strategy.md","a8ced9b7dfe19cdb7e95eba0c577020f5a216ad93303cbaecea450c4f0d778f8"
"md","mobile-test-strategy","tea","tea/workflows/testarch/bmad-testarch-nfr/resources/knowledge/mobile-test-strategy.md","a8ced9b7dfe19cdb7e95eba0c577020f5a216ad93303cbaecea450c4f0d778f8"
"md","mobile-test-strategy","tea","tea/workflows/testarch/bmad-testarch-test-design/resources/knowledge/mobile-test-strategy.md","a8ced9b7dfe19cdb7e95eba0c577020f5a216ad93303cbaecea450c4f0d778f8"
"md","mobile-test-strategy","tea","tea/workflows/testarch/bmad-testarch-test-review/resources/knowledge/mobile-test-strategy.md","a8ced9b7dfe19cdb7e95eba0c577020f5a216ad93303cbaecea450c4f0d778f8"
"md","mobile-test-strategy","tea","tea/workflows/testarch/bmad-testarch-trace/resources/knowledge/mobile-test-strategy.md","a8ced9b7dfe19cdb7e95eba0c577020f5a216ad93303cbaecea450c4f0d778f8"
"md","network-error-monitor","tea","tea/agents/bmad-tea/resources/knowledge/network-error-monitor.md","c8dbe87e48a309a3a16cfc2a4a853d5eb9fab8598e4824db158668d7915fa6b3"
"md","network-error-monitor","tea","tea/workflows/testarch/bmad-testarch-atdd/resources/knowledge/network-error-monitor.md","c8dbe87e48a309a3a16cfc2a4a853d5eb9fab8598e4824db158668d7915fa6b3"
"md","network-error-monitor","tea","tea/workflows/testarch/bmad-testarch-automate/resources/knowledge/network-error-monitor.md","c8dbe87e48a309a3a16cfc2a4a853d5eb9fab8598e4824db158668d7915fa6b3"
"md","network-error-monitor","tea","tea/workflows/testarch/bmad-testarch-ci/resources/knowledge/network-error-monitor.md","c8dbe87e48a309a3a16cfc2a4a853d5eb9fab8598e4824db158668d7915fa6b3"
"md","network-error-monitor","tea","tea/workflows/testarch/bmad-testarch-framework/resources/knowledge/network-error-monitor.md","c8dbe87e48a309a3a16cfc2a4a853d5eb9fab8598e4824db158668d7915fa6b3"
"md","network-error-monitor","tea","tea/workflows/testarch/bmad-testarch-nfr/resources/knowledge/network-error-monitor.md","c8dbe87e48a309a3a16cfc2a4a853d5eb9fab8598e4824db158668d7915fa6b3"
"md","network-error-monitor","tea","tea/workflows/testarch/bmad-testarch-test-design/resources/knowledge/network-error-monitor.md","c8dbe87e48a309a3a16cfc2a4a853d5eb9fab8598e4824db158668d7915fa6b3"
"md","network-error-monitor","tea","tea/workflows/testarch/bmad-testarch-test-review/resources/knowledge/network-error-monitor.md","c8dbe87e48a309a3a16cfc2a4a853d5eb9fab8598e4824db158668d7915fa6b3"
"md","network-error-monitor","tea","tea/workflows/testarch/bmad-testarch-trace/resources/knowledge/network-error-monitor.md","c8dbe87e48a309a3a16cfc2a4a853d5eb9fab8598e4824db158668d7915fa6b3"
"md","network-first","tea","tea/agents/bmad-tea/resources/knowledge/network-first.md","257fe61ec77020d024f7ddf4f6c5c965f6c4632a469d942278c7337abc8621b7"
"md","network-first","tea","tea/workflows/testarch/bmad-testarch-atdd/resources/knowledge/network-first.md","257fe61ec77020d024f7ddf4f6c5c965f6c4632a469d942278c7337abc8621b7"
"md","network-first","tea","tea/workflows/testarch/bmad-testarch-automate/resources/knowledge/network-first.md","257fe61ec77020d024f7ddf4f6c5c965f6c4632a469d942278c7337abc8621b7"
"md","network-first","tea","tea/workflows/testarch/bmad-testarch-ci/resources/knowledge/network-first.md","257fe61ec77020d024f7ddf4f6c5c965f6c4632a469d942278c7337abc8621b7"
"md","network-first","tea","tea/workflows/testarch/bmad-testarch-framework/resources/knowledge/network-first.md","257fe61ec77020d024f7ddf4f6c5c965f6c4632a469d942278c7337abc8621b7"
"md","network-first","tea","tea/workflows/testarch/bmad-testarch-nfr/resources/knowledge/network-first.md","257fe61ec77020d024f7ddf4f6c5c965f6c4632a469d942278c7337abc8621b7"
"md","network-first","tea","tea/workflows/testarch/bmad-testarch-test-design/resources/knowledge/network-first.md","257fe61ec77020d024f7ddf4f6c5c965f6c4632a469d942278c7337abc8621b7"
"md","network-first","tea","tea/workflows/testarch/bmad-testarch-test-review/resources/knowledge/network-first.md","257fe61ec77020d024f7ddf4f6c5c965f6c4632a469d942278c7337abc8621b7"
"md","network-first","tea","tea/workflows/testarch/bmad-testarch-trace/resources/knowledge/network-first.md","257fe61ec77020d024f7ddf4f6c5c965f6c4632a469d942278c7337abc8621b7"
"md","network-recorder","tea","tea/agents/bmad-tea/resources/knowledge/network-recorder.md","d0ae003638655c8f26a36bbccc06bf362302116979ea88c1c15e89753714c059"
"md","network-recorder","tea","tea/workflows/testarch/bmad-testarch-atdd/resources/knowledge/network-recorder.md","d0ae003638655c8f26a36bbccc06bf362302116979ea88c1c15e89753714c059"
"md","network-recorder","tea","tea/workflows/testarch/bmad-testarch-automate/resources/knowledge/network-recorder.md","d0ae003638655c8f26a36bbccc06bf362302116979ea88c1c15e89753714c059"
"md","network-recorder","tea","tea/workflows/testarch/bmad-testarch-ci/resources/knowledge/network-recorder.md","d0ae003638655c8f26a36bbccc06bf362302116979ea88c1c15e89753714c059"
"md","network-recorder","tea","tea/workflows/testarch/bmad-testarch-framework/resources/knowledge/network-recorder.md","d0ae003638655c8f26a36bbccc06bf362302116979ea88c1c15e89753714c059"
"md","network-recorder","tea","tea/workflows/testarch/bmad-testarch-nfr/resources/knowledge/network-recorder.md","d0ae003638655c8f26a36bbccc06bf362302116979ea88c1c15e89753714c059"
"md","network-recorder","tea","tea/workflows/testarch/bmad-testarch-test-design/resources/knowledge/network-recorder.md","d0ae003638655c8f26a36bbccc06bf362302116979ea88c1c15e89753714c059"
"md","network-recorder","tea","tea/workflows/testarch/bmad-testarch-test-review/resources/knowledge/network-recorder.md","d0ae003638655c8f26a36bbccc06bf362302116979ea88c1c15e89753714c059"
"md","network-recorder","tea","tea/workflows/testarch/bmad-testarch-trace/resources/knowledge/network-recorder.md","d0ae003638655c8f26a36bbccc06bf362302116979ea88c1c15e89753714c059"
"md","nfr-assessment.example","tea","tea/workflows/testarch/bmad-testarch-nfr/resources/nfr-assessment.example.md","3f3d558ee2bcd773a487ece06b24e425600ff2eaa8f8c6bb0efd35bdc559c4ce"
"md","nfr-criteria","tea","tea/agents/bmad-tea/resources/knowledge/nfr-criteria.md","5d5f9acfeb6a98f2ef7ee8707bbac3ab37d9c191c443c1e944dee70cf3f9963a"
"md","nfr-criteria","tea","tea/workflows/testarch/bmad-testarch-atdd/resources/knowledge/nfr-criteria.md","5d5f9acfeb6a98f2ef7ee8707bbac3ab37d9c191c443c1e944dee70cf3f9963a"
"md","nfr-criteria","tea","tea/workflows/testarch/bmad-testarch-automate/resources/knowledge/nfr-criteria.md","5d5f9acfeb6a98f2ef7ee8707bbac3ab37d9c191c443c1e944dee70cf3f9963a"
"md","nfr-criteria","tea","tea/workflows/testarch/bmad-testarch-ci/resources/knowledge/nfr-criteria.md","5d5f9acfeb6a98f2ef7ee8707bbac3ab37d9c191c443c1e944dee70cf3f9963a"
"md","nfr-criteria","tea","tea/workflows/testarch/bmad-testarch-framework/resources/knowledge/nfr-criteria.md","5d5f9acfeb6a98f2ef7ee8707bbac3ab37d9c191c443c1e944dee70cf3f9963a"
"md","nfr-criteria","tea","tea/workflows/testarch/bmad-testarch-nfr/resources/knowledge/nfr-criteria.md","5d5f9acfeb6a98f2ef7ee8707bbac3ab37d9c191c443c1e944dee70cf3f9963a"
"md","nfr-criteria","tea","tea/workflows/testarch/bmad-testarch-test-design/resources/knowledge/nfr-criteria.md","5d5f9acfeb6a98f2ef7ee8707bbac3ab37d9c191c443c1e944dee70cf3f9963a"
"md","nfr-criteria","tea","tea/workflows/testarch/bmad-testarch-test-review/resources/knowledge/nfr-criteria.md","5d5f9acfeb6a98f2ef7ee8707bbac3ab37d9c191c443c1e944dee70cf3f9963a"
"md","nfr-criteria","tea","tea/workflows/testarch/bmad-testarch-trace/resources/knowledge/nfr-criteria.md","5d5f9acfeb6a98f2ef7ee8707bbac3ab37d9c191c443c1e944dee70cf3f9963a"
"md","nfr-report-template","tea","tea/workflows/testarch/bmad-testarch-nfr/nfr-report-template.md","1d4f47e87330ba784f293ff963542e6945c720c448f12ff926f9bf7801aa8786"
"md","nfr-status-definitions","tea","tea/workflows/testarch/bmad-testarch-nfr/steps-c/nfr-status-definitions.md","027b28deaa4a85a1da7b27d26e66651b38df5d74f75244d02cd4ac218054293e"
"md","overview","tea","tea/agents/bmad-tea/resources/knowledge/overview.md","8eb81c171e5d34bb2d9d6fe2bdf8f564315d2f417f138f11fd1a6f9855262e61"
"md","overview","tea","tea/workflows/testarch/bmad-testarch-atdd/resources/knowledge/overview.md","8eb81c171e5d34bb2d9d6fe2bdf8f564315d2f417f138f11fd1a6f9855262e61"
"md","overview","tea","tea/workflows/testarch/bmad-testarch-automate/resources/knowledge/overview.md","8eb81c171e5d34bb2d9d6fe2bdf8f564315d2f417f138f11fd1a6f9855262e61"
"md","overview","tea","tea/workflows/testarch/bmad-testarch-ci/resources/knowledge/overview.md","8eb81c171e5d34bb2d9d6fe2bdf8f564315d2f417f138f11fd1a6f9855262e61"
"md","overview","tea","tea/workflows/testarch/bmad-testarch-framework/resources/knowledge/overview.md","8eb81c171e5d34bb2d9d6fe2bdf8f564315d2f417f138f11fd1a6f9855262e61"
"md","overview","tea","tea/workflows/testarch/bmad-testarch-nfr/resources/knowledge/overview.md","8eb81c171e5d34bb2d9d6fe2bdf8f564315d2f417f138f11fd1a6f9855262e61"
"md","overview","tea","tea/workflows/testarch/bmad-testarch-test-design/resources/knowledge/overview.md","8eb81c171e5d34bb2d9d6fe2bdf8f564315d2f417f138f11fd1a6f9855262e61"
"md","overview","tea","tea/workflows/testarch/bmad-testarch-test-review/resources/knowledge/overview.md","8eb81c171e5d34bb2d9d6fe2bdf8f564315d2f417f138f11fd1a6f9855262e61"
"md","overview","tea","tea/workflows/testarch/bmad-testarch-trace/resources/knowledge/overview.md","8eb81c171e5d34bb2d9d6fe2bdf8f564315d2f417f138f11fd1a6f9855262e61"
"md","pact-broker-webhooks","tea","tea/agents/bmad-tea/resources/knowledge/pact-broker-webhooks.md","88caf76b84f47f6771531cc6af0167a81ae7ae224fe648ce4e682c230f8c9adc"
"md","pact-broker-webhooks","tea","tea/workflows/testarch/bmad-testarch-atdd/resources/knowledge/pact-broker-webhooks.md","88caf76b84f47f6771531cc6af0167a81ae7ae224fe648ce4e682c230f8c9adc"
"md","pact-broker-webhooks","tea","tea/workflows/testarch/bmad-testarch-automate/resources/knowledge/pact-broker-webhooks.md","88caf76b84f47f6771531cc6af0167a81ae7ae224fe648ce4e682c230f8c9adc"
"md","pact-broker-webhooks","tea","tea/workflows/testarch/bmad-testarch-ci/resources/knowledge/pact-broker-webhooks.md","88caf76b84f47f6771531cc6af0167a81ae7ae224fe648ce4e682c230f8c9adc"
"md","pact-broker-webhooks","tea","tea/workflows/testarch/bmad-testarch-framework/resources/knowledge/pact-broker-webhooks.md","88caf76b84f47f6771531cc6af0167a81ae7ae224fe648ce4e682c230f8c9adc"
"md","pact-broker-webhooks","tea","tea/workflows/testarch/bmad-testarch-nfr/resources/knowledge/pact-broker-webhooks.md","88caf76b84f47f6771531cc6af0167a81ae7ae224fe648ce4e682c230f8c9adc"
"md","pact-broker-webhooks","tea","tea/workflows/testarch/bmad-testarch-test-design/resources/knowledge/pact-broker-webhooks.md","88caf76b84f47f6771531cc6af0167a81ae7ae224fe648ce4e682c230f8c9adc"
"md","pact-broker-webhooks","tea","tea/workflows/testarch/bmad-testarch-test-review/resources/knowledge/pact-broker-webhooks.md","88caf76b84f47f6771531cc6af0167a81ae7ae224fe648ce4e682c230f8c9adc"
"md","pact-broker-webhooks","tea","tea/workflows/testarch/bmad-testarch-trace/resources/knowledge/pact-broker-webhooks.md","88caf76b84f47f6771531cc6af0167a81ae7ae224fe648ce4e682c230f8c9adc"
"md","pact-consumer-di","tea","tea/agents/bmad-tea/resources/knowledge/pact-consumer-di.md","19f79d64e01547cb8c22d6f65eaf16f8eef528e87fe72b00fe256b9f31656492"
"md","pact-consumer-di","tea","tea/workflows/testarch/bmad-testarch-atdd/resources/knowledge/pact-consumer-di.md","19f79d64e01547cb8c22d6f65eaf16f8eef528e87fe72b00fe256b9f31656492"
"md","pact-consumer-di","tea","tea/workflows/testarch/bmad-testarch-automate/resources/knowledge/pact-consumer-di.md","19f79d64e01547cb8c22d6f65eaf16f8eef528e87fe72b00fe256b9f31656492"
"md","pact-consumer-di","tea","tea/workflows/testarch/bmad-testarch-ci/resources/knowledge/pact-consumer-di.md","19f79d64e01547cb8c22d6f65eaf16f8eef528e87fe72b00fe256b9f31656492"
"md","pact-consumer-di","tea","tea/workflows/testarch/bmad-testarch-framework/resources/knowledge/pact-consumer-di.md","19f79d64e01547cb8c22d6f65eaf16f8eef528e87fe72b00fe256b9f31656492"
"md","pact-consumer-di","tea","tea/workflows/testarch/bmad-testarch-nfr/resources/knowledge/pact-consumer-di.md","19f79d64e01547cb8c22d6f65eaf16f8eef528e87fe72b00fe256b9f31656492"
"md","pact-consumer-di","tea","tea/workflows/testarch/bmad-testarch-test-design/resources/knowledge/pact-consumer-di.md","19f79d64e01547cb8c22d6f65eaf16f8eef528e87fe72b00fe256b9f31656492"
"md","pact-consumer-di","tea","tea/workflows/testarch/bmad-testarch-test-review/resources/knowledge/pact-consumer-di.md","19f79d64e01547cb8c22d6f65eaf16f8eef528e87fe72b00fe256b9f31656492"
"md","pact-consumer-di","tea","tea/workflows/testarch/bmad-testarch-trace/resources/knowledge/pact-consumer-di.md","19f79d64e01547cb8c22d6f65eaf16f8eef528e87fe72b00fe256b9f31656492"
"md","pact-consumer-framework-setup","tea","tea/agents/bmad-tea/resources/knowledge/pact-consumer-framework-setup.md","753a1ef1ba099b3137acac5229a1fdfb5ef62dcbf6f23e114f12757c88c0bd80"
"md","pact-consumer-framework-setup","tea","tea/workflows/testarch/bmad-testarch-atdd/resources/knowledge/pact-consumer-framework-setup.md","753a1ef1ba099b3137acac5229a1fdfb5ef62dcbf6f23e114f12757c88c0bd80"
"md","pact-consumer-framework-setup","tea","tea/workflows/testarch/bmad-testarch-automate/resources/knowledge/pact-consumer-framework-setup.md","753a1ef1ba099b3137acac5229a1fdfb5ef62dcbf6f23e114f12757c88c0bd80"
"md","pact-consumer-framework-setup","tea","tea/workflows/testarch/bmad-testarch-ci/resources/knowledge/pact-consumer-framework-setup.md","753a1ef1ba099b3137acac5229a1fdfb5ef62dcbf6f23e114f12757c88c0bd80"
"md","pact-consumer-framework-setup","tea","tea/workflows/testarch/bmad-testarch-framework/resources/knowledge/pact-consumer-framework-setup.md","753a1ef1ba099b3137acac5229a1fdfb5ef62dcbf6f23e114f12757c88c0bd80"
"md","pact-consumer-framework-setup","tea","tea/workflows/testarch/bmad-testarch-nfr/resources/knowledge/pact-consumer-framework-setup.md","753a1ef1ba099b3137acac5229a1fdfb5ef62dcbf6f23e114f12757c88c0bd80"
"md","pact-consumer-framework-setup","tea","tea/workflows/testarch/bmad-testarch-test-design/resources/knowledge/pact-consumer-framework-setup.md","753a1ef1ba099b3137acac5229a1fdfb5ef62dcbf6f23e114f12757c88c0bd80"
"md","pact-consumer-framework-setup","tea","tea/workflows/testarch/bmad-testarch-test-review/resources/knowledge/pact-consumer-framework-setup.md","753a1ef1ba099b3137acac5229a1fdfb5ef62dcbf6f23e114f12757c88c0bd80"
"md","pact-consumer-framework-setup","tea","tea/workflows/testarch/bmad-testarch-trace/resources/knowledge/pact-consumer-framework-setup.md","753a1ef1ba099b3137acac5229a1fdfb5ef62dcbf6f23e114f12757c88c0bd80"
"md","pact-mcp","tea","tea/agents/bmad-tea/resources/knowledge/pact-mcp.md","69868534108a2a075b0a2630716f4c7ced4c819a49ed71b4d111a4931c2b7215"
"md","pact-mcp","tea","tea/workflows/testarch/bmad-testarch-atdd/resources/knowledge/pact-mcp.md","69868534108a2a075b0a2630716f4c7ced4c819a49ed71b4d111a4931c2b7215"
"md","pact-mcp","tea","tea/workflows/testarch/bmad-testarch-automate/resources/knowledge/pact-mcp.md","69868534108a2a075b0a2630716f4c7ced4c819a49ed71b4d111a4931c2b7215"
"md","pact-mcp","tea","tea/workflows/testarch/bmad-testarch-ci/resources/knowledge/pact-mcp.md","69868534108a2a075b0a2630716f4c7ced4c819a49ed71b4d111a4931c2b7215"
"md","pact-mcp","tea","tea/workflows/testarch/bmad-testarch-framework/resources/knowledge/pact-mcp.md","69868534108a2a075b0a2630716f4c7ced4c819a49ed71b4d111a4931c2b7215"
"md","pact-mcp","tea","tea/workflows/testarch/bmad-testarch-nfr/resources/knowledge/pact-mcp.md","69868534108a2a075b0a2630716f4c7ced4c819a49ed71b4d111a4931c2b7215"
"md","pact-mcp","tea","tea/workflows/testarch/bmad-testarch-test-design/resources/knowledge/pact-mcp.md","69868534108a2a075b0a2630716f4c7ced4c819a49ed71b4d111a4931c2b7215"
"md","pact-mcp","tea","tea/workflows/testarch/bmad-testarch-test-review/resources/knowledge/pact-mcp.md","69868534108a2a075b0a2630716f4c7ced4c819a49ed71b4d111a4931c2b7215"
"md","pact-mcp","tea","tea/workflows/testarch/bmad-testarch-trace/resources/knowledge/pact-mcp.md","69868534108a2a075b0a2630716f4c7ced4c819a49ed71b4d111a4931c2b7215"
"md","pactjs-utils-consumer-helpers","tea","tea/agents/bmad-tea/resources/knowledge/pactjs-utils-consumer-helpers.md","783db7ee41bed4e0c7c2036b3c14096c3af2b8088a304ef8496c07848ad47738"
"md","pactjs-utils-consumer-helpers","tea","tea/workflows/testarch/bmad-testarch-atdd/resources/knowledge/pactjs-utils-consumer-helpers.md","783db7ee41bed4e0c7c2036b3c14096c3af2b8088a304ef8496c07848ad47738"
"md","pactjs-utils-consumer-helpers","tea","tea/workflows/testarch/bmad-testarch-automate/resources/knowledge/pactjs-utils-consumer-helpers.md","783db7ee41bed4e0c7c2036b3c14096c3af2b8088a304ef8496c07848ad47738"
"md","pactjs-utils-consumer-helpers","tea","tea/workflows/testarch/bmad-testarch-ci/resources/knowledge/pactjs-utils-consumer-helpers.md","783db7ee41bed4e0c7c2036b3c14096c3af2b8088a304ef8496c07848ad47738"
"md","pactjs-utils-consumer-helpers","tea","tea/workflows/testarch/bmad-testarch-framework/resources/knowledge/pactjs-utils-consumer-helpers.md","783db7ee41bed4e0c7c2036b3c14096c3af2b8088a304ef8496c07848ad47738"
"md","pactjs-utils-consumer-helpers","tea","tea/workflows/testarch/bmad-testarch-nfr/resources/knowledge/pactjs-utils-consumer-helpers.md","783db7ee41bed4e0c7c2036b3c14096c3af2b8088a304ef8496c07848ad47738"
"md","pactjs-utils-consumer-helpers","tea","tea/workflows/testarch/bmad-testarch-test-design/resources/knowledge/pactjs-utils-consumer-helpers.md","783db7ee41bed4e0c7c2036b3c14096c3af2b8088a304ef8496c07848ad47738"
"md","pactjs-utils-consumer-helpers","tea","tea/workflows/testarch/bmad-testarch-test-review/resources/knowledge/pactjs-utils-consumer-helpers.md","783db7ee41bed4e0c7c2036b3c14096c3af2b8088a304ef8496c07848ad47738"
"md","pactjs-utils-consumer-helpers","tea","tea/workflows/testarch/bmad-testarch-trace/resources/knowledge/pactjs-utils-consumer-helpers.md","783db7ee41bed4e0c7c2036b3c14096c3af2b8088a304ef8496c07848ad47738"
"md","pactjs-utils-mandate","tea","tea/agents/bmad-tea/resources/knowledge/pactjs-utils-mandate.md","a744b7b76205784140d4e4c9dee75000a0ec8745c9e004500744d0f71a8280d1"
"md","pactjs-utils-mandate","tea","tea/workflows/testarch/bmad-testarch-atdd/resources/knowledge/pactjs-utils-mandate.md","a744b7b76205784140d4e4c9dee75000a0ec8745c9e004500744d0f71a8280d1"
"md","pactjs-utils-mandate","tea","tea/workflows/testarch/bmad-testarch-automate/resources/knowledge/pactjs-utils-mandate.md","a744b7b76205784140d4e4c9dee75000a0ec8745c9e004500744d0f71a8280d1"
"md","pactjs-utils-mandate","tea","tea/workflows/testarch/bmad-testarch-ci/resources/knowledge/pactjs-utils-mandate.md","a744b7b76205784140d4e4c9dee75000a0ec8745c9e004500744d0f71a8280d1"
"md","pactjs-utils-mandate","tea","tea/workflows/testarch/bmad-testarch-framework/resources/knowledge/pactjs-utils-mandate.md","a744b7b76205784140d4e4c9dee75000a0ec8745c9e004500744d0f71a8280d1"
"md","pactjs-utils-mandate","tea","tea/workflows/testarch/bmad-testarch-nfr/resources/knowledge/pactjs-utils-mandate.md","a744b7b76205784140d4e4c9dee75000a0ec8745c9e004500744d0f71a8280d1"
"md","pactjs-utils-mandate","tea","tea/workflows/testarch/bmad-testarch-test-design/resources/knowledge/pactjs-utils-mandate.md","a744b7b76205784140d4e4c9dee75000a0ec8745c9e004500744d0f71a8280d1"
"md","pactjs-utils-mandate","tea","tea/workflows/testarch/bmad-testarch-test-review/resources/knowledge/pactjs-utils-mandate.md","a744b7b76205784140d4e4c9dee75000a0ec8745c9e004500744d0f71a8280d1"
"md","pactjs-utils-mandate","tea","tea/workflows/testarch/bmad-testarch-trace/resources/knowledge/pactjs-utils-mandate.md","a744b7b76205784140d4e4c9dee75000a0ec8745c9e004500744d0f71a8280d1"
"md","pactjs-utils-overview","tea","tea/agents/bmad-tea/resources/knowledge/pactjs-utils-overview.md","0434f113edb30af7363332111c356feaf264049d33407f0f91a8e449522d4e73"
"md","pactjs-utils-overview","tea","tea/workflows/testarch/bmad-testarch-atdd/resources/knowledge/pactjs-utils-overview.md","0434f113edb30af7363332111c356feaf264049d33407f0f91a8e449522d4e73"
"md","pactjs-utils-overview","tea","tea/workflows/testarch/bmad-testarch-automate/resources/knowledge/pactjs-utils-overview.md","0434f113edb30af7363332111c356feaf264049d33407f0f91a8e449522d4e73"
"md","pactjs-utils-overview","tea","tea/workflows/testarch/bmad-testarch-ci/resources/knowledge/pactjs-utils-overview.md","0434f113edb30af7363332111c356feaf264049d33407f0f91a8e449522d4e73"
"md","pactjs-utils-overview","tea","tea/workflows/testarch/bmad-testarch-framework/resources/knowledge/pactjs-utils-overview.md","0434f113edb30af7363332111c356feaf264049d33407f0f91a8e449522d4e73"
"md","pactjs-utils-overview","tea","tea/workflows/testarch/bmad-testarch-nfr/resources/knowledge/pactjs-utils-overview.md","0434f113edb30af7363332111c356feaf264049d33407f0f91a8e449522d4e73"
"md","pactjs-utils-overview","tea","tea/workflows/testarch/bmad-testarch-test-design/resources/knowledge/pactjs-utils-overview.md","0434f113edb30af7363332111c356feaf264049d33407f0f91a8e449522d4e73"
"md","pactjs-utils-overview","tea","tea/workflows/testarch/bmad-testarch-test-review/resources/knowledge/pactjs-utils-overview.md","0434f113edb30af7363332111c356feaf264049d33407f0f91a8e449522d4e73"
"md","pactjs-utils-overview","tea","tea/workflows/testarch/bmad-testarch-trace/resources/knowledge/pactjs-utils-overview.md","0434f113edb30af7363332111c356feaf264049d33407f0f91a8e449522d4e73"
"md","pactjs-utils-provider-verifier","tea","tea/agents/bmad-tea/resources/knowledge/pactjs-utils-provider-verifier.md","46c69775e24e210a8a5cce4ac0734cd6c0189b84dbdd2c6487e70ba097489600"
"md","pactjs-utils-provider-verifier","tea","tea/workflows/testarch/bmad-testarch-atdd/resources/knowledge/pactjs-utils-provider-verifier.md","46c69775e24e210a8a5cce4ac0734cd6c0189b84dbdd2c6487e70ba097489600"
"md","pactjs-utils-provider-verifier","tea","tea/workflows/testarch/bmad-testarch-automate/resources/knowledge/pactjs-utils-provider-verifier.md","46c69775e24e210a8a5cce4ac0734cd6c0189b84dbdd2c6487e70ba097489600"
"md","pactjs-utils-provider-verifier","tea","tea/workflows/testarch/bmad-testarch-ci/resources/knowledge/pactjs-utils-provider-verifier.md","46c69775e24e210a8a5cce4ac0734cd6c0189b84dbdd2c6487e70ba097489600"
"md","pactjs-utils-provider-verifier","tea","tea/workflows/testarch/bmad-testarch-framework/resources/knowledge/pactjs-utils-provider-verifier.md","46c69775e24e210a8a5cce4ac0734cd6c0189b84dbdd2c6487e70ba097489600"
"md","pactjs-utils-provider-verifier","tea","tea/workflows/testarch/bmad-testarch-nfr/resources/knowledge/pactjs-utils-provider-verifier.md","46c69775e24e210a8a5cce4ac0734cd6c0189b84dbdd2c6487e70ba097489600"
"md","pactjs-utils-provider-verifier","tea","tea/workflows/testarch/bmad-testarch-test-design/resources/knowledge/pactjs-utils-provider-verifier.md","46c69775e24e210a8a5cce4ac0734cd6c0189b84dbdd2c6487e70ba097489600"
"md","pactjs-utils-provider-verifier","tea","tea/workflows/testarch/bmad-testarch-test-review/resources/knowledge/pactjs-utils-provider-verifier.md","46c69775e24e210a8a5cce4ac0734cd6c0189b84dbdd2c6487e70ba097489600"
"md","pactjs-utils-provider-verifier","tea","tea/workflows/testarch/bmad-testarch-trace/resources/knowledge/pactjs-utils-provider-verifier.md","46c69775e24e210a8a5cce4ac0734cd6c0189b84dbdd2c6487e70ba097489600"
"md","pactjs-utils-request-filter","tea","tea/agents/bmad-tea/resources/knowledge/pactjs-utils-request-filter.md","1312867725f49fe8ff9a136a90dc82becdab345d724a568a7f50abba31ee8f7c"
"md","pactjs-utils-request-filter","tea","tea/workflows/testarch/bmad-testarch-atdd/resources/knowledge/pactjs-utils-request-filter.md","1312867725f49fe8ff9a136a90dc82becdab345d724a568a7f50abba31ee8f7c"
"md","pactjs-utils-request-filter","tea","tea/workflows/testarch/bmad-testarch-automate/resources/knowledge/pactjs-utils-request-filter.md","1312867725f49fe8ff9a136a90dc82becdab345d724a568a7f50abba31ee8f7c"
"md","pactjs-utils-request-filter","tea","tea/workflows/testarch/bmad-testarch-ci/resources/knowledge/pactjs-utils-request-filter.md","1312867725f49fe8ff9a136a90dc82becdab345d724a568a7f50abba31ee8f7c"
"md","pactjs-utils-request-filter","tea","tea/workflows/testarch/bmad-testarch-framework/resources/knowledge/pactjs-utils-request-filter.md","1312867725f49fe8ff9a136a90dc82becdab345d724a568a7f50abba31ee8f7c"
"md","pactjs-utils-request-filter","tea","tea/workflows/testarch/bmad-testarch-nfr/resources/knowledge/pactjs-utils-request-filter.md","1312867725f49fe8ff9a136a90dc82becdab345d724a568a7f50abba31ee8f7c"
"md","pactjs-utils-request-filter","tea","tea/workflows/testarch/bmad-testarch-test-design/resources/knowledge/pactjs-utils-request-filter.md","1312867725f49fe8ff9a136a90dc82becdab345d724a568a7f50abba31ee8f7c"
"md","pactjs-utils-request-filter","tea","tea/workflows/testarch/bmad-testarch-test-review/resources/knowledge/pactjs-utils-request-filter.md","1312867725f49fe8ff9a136a90dc82becdab345d724a568a7f50abba31ee8f7c"
"md","pactjs-utils-request-filter","tea","tea/workflows/testarch/bmad-testarch-trace/resources/knowledge/pactjs-utils-request-filter.md","1312867725f49fe8ff9a136a90dc82becdab345d724a568a7f50abba31ee8f7c"
"md","pactjs-utils-zod-to-pact","tea","tea/agents/bmad-tea/resources/knowledge/pactjs-utils-zod-to-pact.md","eb9209b883ebff82bb0ae5a0a2711796d6b32a543b9707f6b2ef936caf4ffb59"
"md","pactjs-utils-zod-to-pact","tea","tea/workflows/testarch/bmad-testarch-atdd/resources/knowledge/pactjs-utils-zod-to-pact.md","eb9209b883ebff82bb0ae5a0a2711796d6b32a543b9707f6b2ef936caf4ffb59"
"md","pactjs-utils-zod-to-pact","tea","tea/workflows/testarch/bmad-testarch-automate/resources/knowledge/pactjs-utils-zod-to-pact.md","eb9209b883ebff82bb0ae5a0a2711796d6b32a543b9707f6b2ef936caf4ffb59"
"md","pactjs-utils-zod-to-pact","tea","tea/workflows/testarch/bmad-testarch-ci/resources/knowledge/pactjs-utils-zod-to-pact.md","eb9209b883ebff82bb0ae5a0a2711796d6b32a543b9707f6b2ef936caf4ffb59"
"md","pactjs-utils-zod-to-pact","tea","tea/workflows/testarch/bmad-testarch-framework/resources/knowledge/pactjs-utils-zod-to-pact.md","eb9209b883ebff82bb0ae5a0a2711796d6b32a543b9707f6b2ef936caf4ffb59"
"md","pactjs-utils-zod-to-pact","tea","tea/workflows/testarch/bmad-testarch-nfr/resources/knowledge/pactjs-utils-zod-to-pact.md","eb9209b883ebff82bb0ae5a0a2711796d6b32a543b9707f6b2ef936caf4ffb59"
"md","pactjs-utils-zod-to-pact","tea","tea/workflows/testarch/bmad-testarch-test-design/resources/knowledge/pactjs-utils-zod-to-pact.md","eb9209b883ebff82bb0ae5a0a2711796d6b32a543b9707f6b2ef936caf4ffb59"
"md","pactjs-utils-zod-to-pact","tea","tea/workflows/testarch/bmad-testarch-test-review/resources/knowledge/pactjs-utils-zod-to-pact.md","eb9209b883ebff82bb0ae5a0a2711796d6b32a543b9707f6b2ef936caf4ffb59"
"md","pactjs-utils-zod-to-pact","tea","tea/workflows/testarch/bmad-testarch-trace/resources/knowledge/pactjs-utils-zod-to-pact.md","eb9209b883ebff82bb0ae5a0a2711796d6b32a543b9707f6b2ef936caf4ffb59"
"md","playwright-cli","tea","tea/agents/bmad-tea/resources/knowledge/playwright-cli.md","d52e02c0a7d8f126e87bbf0966beaa7f8715da423587b0e9a57dfe72bd445545"
"md","playwright-cli","tea","tea/workflows/testarch/bmad-testarch-atdd/resources/knowledge/playwright-cli.md","d52e02c0a7d8f126e87bbf0966beaa7f8715da423587b0e9a57dfe72bd445545"
"md","playwright-cli","tea","tea/workflows/testarch/bmad-testarch-automate/resources/knowledge/playwright-cli.md","d52e02c0a7d8f126e87bbf0966beaa7f8715da423587b0e9a57dfe72bd445545"
"md","playwright-cli","tea","tea/workflows/testarch/bmad-testarch-ci/resources/knowledge/playwright-cli.md","d52e02c0a7d8f126e87bbf0966beaa7f8715da423587b0e9a57dfe72bd445545"
"md","playwright-cli","tea","tea/workflows/testarch/bmad-testarch-framework/resources/knowledge/playwright-cli.md","d52e02c0a7d8f126e87bbf0966beaa7f8715da423587b0e9a57dfe72bd445545"
"md","playwright-cli","tea","tea/workflows/testarch/bmad-testarch-nfr/resources/knowledge/playwright-cli.md","d52e02c0a7d8f126e87bbf0966beaa7f8715da423587b0e9a57dfe72bd445545"
"md","playwright-cli","tea","tea/workflows/testarch/bmad-testarch-test-design/resources/knowledge/playwright-cli.md","d52e02c0a7d8f126e87bbf0966beaa7f8715da423587b0e9a57dfe72bd445545"
"md","playwright-cli","tea","tea/workflows/testarch/bmad-testarch-test-review/resources/knowledge/playwright-cli.md","d52e02c0a7d8f126e87bbf0966beaa7f8715da423587b0e9a57dfe72bd445545"
"md","playwright-cli","tea","tea/workflows/testarch/bmad-testarch-trace/resources/knowledge/playwright-cli.md","d52e02c0a7d8f126e87bbf0966beaa7f8715da423587b0e9a57dfe72bd445545"
"md","playwright-config","tea","tea/agents/bmad-tea/resources/knowledge/playwright-config.md","91edb2ea58042a406ec3a55ca07f3af4a11e3329f5d19ed66a9175d61a8f9e5f"
"md","playwright-config","tea","tea/workflows/testarch/bmad-testarch-atdd/resources/knowledge/playwright-config.md","91edb2ea58042a406ec3a55ca07f3af4a11e3329f5d19ed66a9175d61a8f9e5f"
"md","playwright-config","tea","tea/workflows/testarch/bmad-testarch-automate/resources/knowledge/playwright-config.md","91edb2ea58042a406ec3a55ca07f3af4a11e3329f5d19ed66a9175d61a8f9e5f"
"md","playwright-config","tea","tea/workflows/testarch/bmad-testarch-ci/resources/knowledge/playwright-config.md","91edb2ea58042a406ec3a55ca07f3af4a11e3329f5d19ed66a9175d61a8f9e5f"
"md","playwright-config","tea","tea/workflows/testarch/bmad-testarch-framework/resources/knowledge/playwright-config.md","91edb2ea58042a406ec3a55ca07f3af4a11e3329f5d19ed66a9175d61a8f9e5f"
"md","playwright-config","tea","tea/workflows/testarch/bmad-testarch-nfr/resources/knowledge/playwright-config.md","91edb2ea58042a406ec3a55ca07f3af4a11e3329f5d19ed66a9175d61a8f9e5f"
"md","playwright-config","tea","tea/workflows/testarch/bmad-testarch-test-design/resources/knowledge/playwright-config.md","91edb2ea58042a406ec3a55ca07f3af4a11e3329f5d19ed66a9175d61a8f9e5f"
"md","playwright-config","tea","tea/workflows/testarch/bmad-testarch-test-review/resources/knowledge/playwright-config.md","91edb2ea58042a406ec3a55ca07f3af4a11e3329f5d19ed66a9175d61a8f9e5f"
"md","playwright-config","tea","tea/workflows/testarch/bmad-testarch-trace/resources/knowledge/playwright-config.md","91edb2ea58042a406ec3a55ca07f3af4a11e3329f5d19ed66a9175d61a8f9e5f"
"md","playwright-utils-mandate","tea","tea/agents/bmad-tea/resources/knowledge/playwright-utils-mandate.md","524451cbf5997d47aaf072d39447e579ea791ad9dfcb449762a0ae65cbeeb7e4"
"md","playwright-utils-mandate","tea","tea/workflows/testarch/bmad-testarch-atdd/resources/knowledge/playwright-utils-mandate.md","524451cbf5997d47aaf072d39447e579ea791ad9dfcb449762a0ae65cbeeb7e4"
"md","playwright-utils-mandate","tea","tea/workflows/testarch/bmad-testarch-automate/resources/knowledge/playwright-utils-mandate.md","524451cbf5997d47aaf072d39447e579ea791ad9dfcb449762a0ae65cbeeb7e4"
"md","playwright-utils-mandate","tea","tea/workflows/testarch/bmad-testarch-ci/resources/knowledge/playwright-utils-mandate.md","524451cbf5997d47aaf072d39447e579ea791ad9dfcb449762a0ae65cbeeb7e4"
"md","playwright-utils-mandate","tea","tea/workflows/testarch/bmad-testarch-framework/resources/knowledge/playwright-utils-mandate.md","524451cbf5997d47aaf072d39447e579ea791ad9dfcb449762a0ae65cbeeb7e4"
"md","playwright-utils-mandate","tea","tea/workflows/testarch/bmad-testarch-nfr/resources/knowledge/playwright-utils-mandate.md","524451cbf5997d47aaf072d39447e579ea791ad9dfcb449762a0ae65cbeeb7e4"
"md","playwright-utils-mandate","tea","tea/workflows/testarch/bmad-testarch-test-design/resources/knowledge/playwright-utils-mandate.md","524451cbf5997d47aaf072d39447e579ea791ad9dfcb449762a0ae65cbeeb7e4"
"md","playwright-utils-mandate","tea","tea/workflows/testarch/bmad-testarch-test-review/resources/knowledge/playwright-utils-mandate.md","524451cbf5997d47aaf072d39447e579ea791ad9dfcb449762a0ae65cbeeb7e4"
"md","playwright-utils-mandate","tea","tea/workflows/testarch/bmad-testarch-trace/resources/knowledge/playwright-utils-mandate.md","524451cbf5997d47aaf072d39447e579ea791ad9dfcb449762a0ae65cbeeb7e4"
"md","probability-impact","tea","tea/agents/bmad-tea/resources/knowledge/probability-impact.md","1dfb2d0248f5b9f0a24ccdac55b6b5414f5533b148a670be0aa90dab2c73a776"
"md","probability-impact","tea","tea/workflows/testarch/bmad-testarch-atdd/resources/knowledge/probability-impact.md","1dfb2d0248f5b9f0a24ccdac55b6b5414f5533b148a670be0aa90dab2c73a776"
"md","probability-impact","tea","tea/workflows/testarch/bmad-testarch-automate/resources/knowledge/probability-impact.md","1dfb2d0248f5b9f0a24ccdac55b6b5414f5533b148a670be0aa90dab2c73a776"
"md","probability-impact","tea","tea/workflows/testarch/bmad-testarch-ci/resources/knowledge/probability-impact.md","1dfb2d0248f5b9f0a24ccdac55b6b5414f5533b148a670be0aa90dab2c73a776"
"md","probability-impact","tea","tea/workflows/testarch/bmad-testarch-framework/resources/knowledge/probability-impact.md","1dfb2d0248f5b9f0a24ccdac55b6b5414f5533b148a670be0aa90dab2c73a776"
"md","probability-impact","tea","tea/workflows/testarch/bmad-testarch-nfr/resources/knowledge/probability-impact.md","1dfb2d0248f5b9f0a24ccdac55b6b5414f5533b148a670be0aa90dab2c73a776"
"md","probability-impact","tea","tea/workflows/testarch/bmad-testarch-test-design/resources/knowledge/probability-impact.md","1dfb2d0248f5b9f0a24ccdac55b6b5414f5533b148a670be0aa90dab2c73a776"
"md","probability-impact","tea","tea/workflows/testarch/bmad-testarch-test-review/resources/knowledge/probability-impact.md","1dfb2d0248f5b9f0a24ccdac55b6b5414f5533b148a670be0aa90dab2c73a776"
"md","probability-impact","tea","tea/workflows/testarch/bmad-testarch-trace/resources/knowledge/probability-impact.md","1dfb2d0248f5b9f0a24ccdac55b6b5414f5533b148a670be0aa90dab2c73a776"
"md","recurse","tea","tea/agents/bmad-tea/resources/knowledge/recurse.md","ef5624efd119a7cefc2891915098fe71b512f67626a7deaa5deb60a4d1e56467"
"md","recurse","tea","tea/workflows/testarch/bmad-testarch-atdd/resources/knowledge/recurse.md","ef5624efd119a7cefc2891915098fe71b512f67626a7deaa5deb60a4d1e56467"
"md","recurse","tea","tea/workflows/testarch/bmad-testarch-automate/resources/knowledge/recurse.md","ef5624efd119a7cefc2891915098fe71b512f67626a7deaa5deb60a4d1e56467"
"md","recurse","tea","tea/workflows/testarch/bmad-testarch-ci/resources/knowledge/recurse.md","ef5624efd119a7cefc2891915098fe71b512f67626a7deaa5deb60a4d1e56467"
"md","recurse","tea","tea/workflows/testarch/bmad-testarch-framework/resources/knowledge/recurse.md","ef5624efd119a7cefc2891915098fe71b512f67626a7deaa5deb60a4d1e56467"
"md","recurse","tea","tea/workflows/testarch/bmad-testarch-nfr/resources/knowledge/recurse.md","ef5624efd119a7cefc2891915098fe71b512f67626a7deaa5deb60a4d1e56467"
"md","recurse","tea","tea/workflows/testarch/bmad-testarch-test-design/resources/knowledge/recurse.md","ef5624efd119a7cefc2891915098fe71b512f67626a7deaa5deb60a4d1e56467"
"md","recurse","tea","tea/workflows/testarch/bmad-testarch-test-review/resources/knowledge/recurse.md","ef5624efd119a7cefc2891915098fe71b512f67626a7deaa5deb60a4d1e56467"
"md","recurse","tea","tea/workflows/testarch/bmad-testarch-trace/resources/knowledge/recurse.md","ef5624efd119a7cefc2891915098fe71b512f67626a7deaa5deb60a4d1e56467"
"md","risk-governance","tea","tea/agents/bmad-tea/resources/knowledge/risk-governance.md","fcb8b6c4db611f2e27b87d4c78e861b13b391596a63f6fad0ae0ab9fff42370d"
"md","risk-governance","tea","tea/workflows/testarch/bmad-testarch-atdd/resources/knowledge/risk-governance.md","fcb8b6c4db611f2e27b87d4c78e861b13b391596a63f6fad0ae0ab9fff42370d"
"md","risk-governance","tea","tea/workflows/testarch/bmad-testarch-automate/resources/knowledge/risk-governance.md","fcb8b6c4db611f2e27b87d4c78e861b13b391596a63f6fad0ae0ab9fff42370d"
"md","risk-governance","tea","tea/workflows/testarch/bmad-testarch-ci/resources/knowledge/risk-governance.md","fcb8b6c4db611f2e27b87d4c78e861b13b391596a63f6fad0ae0ab9fff42370d"
"md","risk-governance","tea","tea/workflows/testarch/bmad-testarch-framework/resources/knowledge/risk-governance.md","fcb8b6c4db611f2e27b87d4c78e861b13b391596a63f6fad0ae0ab9fff42370d"
"md","risk-governance","tea","tea/workflows/testarch/bmad-testarch-nfr/resources/knowledge/risk-governance.md","fcb8b6c4db611f2e27b87d4c78e861b13b391596a63f6fad0ae0ab9fff42370d"
"md","risk-governance","tea","tea/workflows/testarch/bmad-testarch-test-design/resources/knowledge/risk-governance.md","fcb8b6c4db611f2e27b87d4c78e861b13b391596a63f6fad0ae0ab9fff42370d"
"md","risk-governance","tea","tea/workflows/testarch/bmad-testarch-test-review/resources/knowledge/risk-governance.md","fcb8b6c4db611f2e27b87d4c78e861b13b391596a63f6fad0ae0ab9fff42370d"
"md","risk-governance","tea","tea/workflows/testarch/bmad-testarch-trace/resources/knowledge/risk-governance.md","fcb8b6c4db611f2e27b87d4c78e861b13b391596a63f6fad0ae0ab9fff42370d"
"md","selective-testing","tea","tea/agents/bmad-tea/resources/knowledge/selective-testing.md","16846e37e52116f2c8fb7b928cd1a36ecd5de308a97e22b7b71bf6012720cc19"
"md","selective-testing","tea","tea/workflows/testarch/bmad-testarch-atdd/resources/knowledge/selective-testing.md","16846e37e52116f2c8fb7b928cd1a36ecd5de308a97e22b7b71bf6012720cc19"
"md","selective-testing","tea","tea/workflows/testarch/bmad-testarch-automate/resources/knowledge/selective-testing.md","16846e37e52116f2c8fb7b928cd1a36ecd5de308a97e22b7b71bf6012720cc19"
"md","selective-testing","tea","tea/workflows/testarch/bmad-testarch-ci/resources/knowledge/selective-testing.md","16846e37e52116f2c8fb7b928cd1a36ecd5de308a97e22b7b71bf6012720cc19"
"md","selective-testing","tea","tea/workflows/testarch/bmad-testarch-framework/resources/knowledge/selective-testing.md","16846e37e52116f2c8fb7b928cd1a36ecd5de308a97e22b7b71bf6012720cc19"
"md","selective-testing","tea","tea/workflows/testarch/bmad-testarch-nfr/resources/knowledge/selective-testing.md","16846e37e52116f2c8fb7b928cd1a36ecd5de308a97e22b7b71bf6012720cc19"
"md","selective-testing","tea","tea/workflows/testarch/bmad-testarch-test-design/resources/knowledge/selective-testing.md","16846e37e52116f2c8fb7b928cd1a36ecd5de308a97e22b7b71bf6012720cc19"
"md","selective-testing","tea","tea/workflows/testarch/bmad-testarch-test-review/resources/knowledge/selective-testing.md","16846e37e52116f2c8fb7b928cd1a36ecd5de308a97e22b7b71bf6012720cc19"
"md","selective-testing","tea","tea/workflows/testarch/bmad-testarch-trace/resources/knowledge/selective-testing.md","16846e37e52116f2c8fb7b928cd1a36ecd5de308a97e22b7b71bf6012720cc19"
"md","selector-resilience","tea","tea/agents/bmad-tea/resources/knowledge/selector-resilience.md","27017332dd7d25c86ef39bbf8aec4ace89ee05bed56b6fdae639078c9e725d15"
"md","selector-resilience","tea","tea/workflows/testarch/bmad-testarch-atdd/resources/knowledge/selector-resilience.md","27017332dd7d25c86ef39bbf8aec4ace89ee05bed56b6fdae639078c9e725d15"
"md","selector-resilience","tea","tea/workflows/testarch/bmad-testarch-automate/resources/knowledge/selector-resilience.md","27017332dd7d25c86ef39bbf8aec4ace89ee05bed56b6fdae639078c9e725d15"
"md","selector-resilience","tea","tea/workflows/testarch/bmad-testarch-ci/resources/knowledge/selector-resilience.md","27017332dd7d25c86ef39bbf8aec4ace89ee05bed56b6fdae639078c9e725d15"
"md","selector-resilience","tea","tea/workflows/testarch/bmad-testarch-framework/resources/knowledge/selector-resilience.md","27017332dd7d25c86ef39bbf8aec4ace89ee05bed56b6fdae639078c9e725d15"
"md","selector-resilience","tea","tea/workflows/testarch/bmad-testarch-nfr/resources/knowledge/selector-resilience.md","27017332dd7d25c86ef39bbf8aec4ace89ee05bed56b6fdae639078c9e725d15"
"md","selector-resilience","tea","tea/workflows/testarch/bmad-testarch-test-design/resources/knowledge/selector-resilience.md","27017332dd7d25c86ef39bbf8aec4ace89ee05bed56b6fdae639078c9e725d15"
"md","selector-resilience","tea","tea/workflows/testarch/bmad-testarch-test-review/resources/knowledge/selector-resilience.md","27017332dd7d25c86ef39bbf8aec4ace89ee05bed56b6fdae639078c9e725d15"
"md","selector-resilience","tea","tea/workflows/testarch/bmad-testarch-trace/resources/knowledge/selector-resilience.md","27017332dd7d25c86ef39bbf8aec4ace89ee05bed56b6fdae639078c9e725d15"
"md","session-notes-template","tea","tea/workflows/testarch/bmad-teach-me-testing/templates/session-notes-template.md","e22954ab5200bd31dbe4f458746f854fe83a4bdbf848254da71650d6d94e4869"
"md","SKILL","tea","tea/agents/bmad-tea/SKILL.md","0a6d91bf08920d45fb83ee63aefd8bf5a8e1b276a2ef5a7793cb0b357f476314"
"md","SKILL","tea","tea/workflows/testarch/bmad-teach-me-testing/SKILL.md","e75435f3b1005c684ce2c39928063248f31038bc48886d01f16935dbc87a6ec0"
"md","SKILL","tea","tea/workflows/testarch/bmad-testarch-atdd/SKILL.md","56c40083cd7ec56e66ab22fdb2254aaa72778b85a4a0787335bff959a2ef69d4"
"md","SKILL","tea","tea/workflows/testarch/bmad-testarch-automate/SKILL.md","fedf0cb3299f81187d9d746d7a3d98c4505f791607acc8bf19e9aa526a7abdcc"
"md","SKILL","tea","tea/workflows/testarch/bmad-testarch-ci/SKILL.md","b5fcdaca2525700291ea14a133207f3662aafb91b0c8cf90083764c5747ebf61"
"md","SKILL","tea","tea/workflows/testarch/bmad-testarch-framework/SKILL.md","e4e6e47ca028bad6bbce29a22b168fda00460ec0fd14f086af497683d9207321"
"md","SKILL","tea","tea/workflows/testarch/bmad-testarch-nfr/SKILL.md","85c2e0aff4b66aa55e7956e23df2177493bb867102c2bdc6bca3b3ebbfbfa7b2"
"md","SKILL","tea","tea/workflows/testarch/bmad-testarch-test-design/SKILL.md","be6d3ebee1c9fc833bd0e26d369660d430907a18de5e63ebaa53b5478e1186f9"
"md","SKILL","tea","tea/workflows/testarch/bmad-testarch-test-review/SKILL.md","78f98981a6f1d4aef87c73d851325be7024ddf145ea89b739ccecd72bb5f3b86"
"md","SKILL","tea","tea/workflows/testarch/bmad-testarch-trace/SKILL.md","d2bbde8c6144703fe8e1936b3daf8eb95e44a2bd3e04b89097178d35d0ebf4b6"
"md","step-01-assess","tea","tea/workflows/testarch/bmad-testarch-atdd/steps-e/step-01-assess.md","dfea102af47853a92e4d363be229e23465239ca6e898a2c00de4d2d8160eaaab"
"md","step-01-assess","tea","tea/workflows/testarch/bmad-testarch-automate/steps-e/step-01-assess.md","dfea102af47853a92e4d363be229e23465239ca6e898a2c00de4d2d8160eaaab"
"md","step-01-assess","tea","tea/workflows/testarch/bmad-testarch-ci/steps-e/step-01-assess.md","dfea102af47853a92e4d363be229e23465239ca6e898a2c00de4d2d8160eaaab"
"md","step-01-assess","tea","tea/workflows/testarch/bmad-testarch-framework/steps-e/step-01-assess.md","dfea102af47853a92e4d363be229e23465239ca6e898a2c00de4d2d8160eaaab"
"md","step-01-assess","tea","tea/workflows/testarch/bmad-testarch-nfr/steps-e/step-01-assess.md","dfea102af47853a92e4d363be229e23465239ca6e898a2c00de4d2d8160eaaab"
"md","step-01-assess","tea","tea/workflows/testarch/bmad-testarch-test-design/steps-e/step-01-assess.md","dfea102af47853a92e4d363be229e23465239ca6e898a2c00de4d2d8160eaaab"
"md","step-01-assess","tea","tea/workflows/testarch/bmad-testarch-test-review/steps-e/step-01-assess.md","dfea102af47853a92e4d363be229e23465239ca6e898a2c00de4d2d8160eaaab"
"md","step-01-assess","tea","tea/workflows/testarch/bmad-testarch-trace/steps-e/step-01-assess.md","dfea102af47853a92e4d363be229e23465239ca6e898a2c00de4d2d8160eaaab"
"md","step-01-detect-mode","tea","tea/workflows/testarch/bmad-testarch-test-design/steps-c/step-01-detect-mode.md","26902eed4a543f9c4e71e96d56356ba56a3868830aef461a3862ac6c6d8eb194"
"md","step-01-init","tea","tea/workflows/testarch/bmad-teach-me-testing/steps-c/step-01-init.md","b88d02745dd5db0f7039b35c3a8b3bc12d872af8d33817e2ad4e280c9192d3a0"
"md","step-01-load-context","tea","tea/workflows/testarch/bmad-testarch-nfr/steps-c/step-01-load-context.md","2b8e9d6b901f9ae3aa7d78ea21129fb3c1b9d8b1a4a74c82c8eef21464168de9"
"md","step-01-load-context","tea","tea/workflows/testarch/bmad-testarch-test-review/steps-c/step-01-load-context.md","4505ee2fa476c6f9033d320b370ce63b873070260a530fcbc059b418a8ba82ec"
"md","step-01-load-context","tea","tea/workflows/testarch/bmad-testarch-trace/steps-c/step-01-load-context.md","784d542ea222cab4c451cd968f08ca3d57e747db20a0af499fb9e5141ff9bef0"
"md","step-01-preflight","tea","tea/workflows/testarch/bmad-testarch-ci/steps-c/step-01-preflight.md","f03d162d0e13ce30c5f11426a2e7fbda6ff617f2d5c71cbc4e9b4452158387c2"
"md","step-01-preflight","tea","tea/workflows/testarch/bmad-testarch-framework/steps-c/step-01-preflight.md","eae3585b07fdb819db5280b049f7b7fe0c7275c47d3ae03c6fc388b68f686090"
"md","step-01-preflight-and-context","tea","tea/workflows/testarch/bmad-testarch-atdd/steps-c/step-01-preflight-and-context.md","458407e13e68970a2a3ade80193ceb4ca12895f150434b8d4cedee612bf4a62a"
"md","step-01-preflight-and-context","tea","tea/workflows/testarch/bmad-testarch-automate/steps-c/step-01-preflight-and-context.md","ef3ee9dd703e319b1b47c28f6a1f13f4c2c428d5f774eeb9e8117d49031cb773"
"md","step-01-validate","tea","tea/workflows/testarch/bmad-testarch-atdd/steps-v/step-01-validate.md","47bf51906d751bd3a5e34bd5605e9fb358d33a93ae21e15d959796b12bf5d1b4"
"md","step-01-validate","tea","tea/workflows/testarch/bmad-testarch-automate/steps-v/step-01-validate.md","208fb02dbc86a56fcd99a8c8348b86046f574cafe0ea800a839907fea5267188"
"md","step-01-validate","tea","tea/workflows/testarch/bmad-testarch-ci/steps-v/step-01-validate.md","923c91a23e0ceb693089de458fe7e256ab5f7b5d6831699e302178b95bd8648a"
"md","step-01-validate","tea","tea/workflows/testarch/bmad-testarch-framework/steps-v/step-01-validate.md","a8eb5c3be8a4d095b7a7a1f88ed99908477f250b4dab125ff70007dbcb9017c2"
"md","step-01-validate","tea","tea/workflows/testarch/bmad-testarch-nfr/steps-v/step-01-validate.md","5367eef28d543437bf605b90618d523c36c090889cf529ef27b21979ba916fd6"
"md","step-01-validate","tea","tea/workflows/testarch/bmad-testarch-test-design/steps-v/step-01-validate.md","7610fa1a48ff833f63416e118064c86c411900dd94618b450f798d7fe1f752cd"
"md","step-01-validate","tea","tea/workflows/testarch/bmad-testarch-test-review/steps-v/step-01-validate.md","2753d74d6304552a3aa162af5700656a1ebae1b9571ba70009d91bba69b1ea5e"
"md","step-01-validate","tea","tea/workflows/testarch/bmad-testarch-trace/steps-v/step-01-validate.md","82aad923cb77559abb6f3e190e07bc65d01901178f74350bd126765edb7d278b"
"md","step-01b-continue","tea","tea/workflows/testarch/bmad-teach-me-testing/steps-c/step-01b-continue.md","6c2e4b363c3b90100126f8239a160829c1fda5433b0adc3d0609aef990345a53"
"md","step-01b-resume","tea","tea/workflows/testarch/bmad-testarch-atdd/steps-c/step-01b-resume.md","753cfa840da86784a2cc5eae6403d3924d34be4a1202bc89ec543a3f7bd107fc"
"md","step-01b-resume","tea","tea/workflows/testarch/bmad-testarch-automate/steps-c/step-01b-resume.md","964342ec321adc0397ddbf51dd3c0e194b406b752d948ae9a115b5898c8b65e9"
"md","step-01b-resume","tea","tea/workflows/testarch/bmad-testarch-ci/steps-c/step-01b-resume.md","12de739385eaf55e31aaed64b8608324d3c6fd247f22378a630810cbace44798"
"md","step-01b-resume","tea","tea/workflows/testarch/bmad-testarch-framework/steps-c/step-01b-resume.md","25e2623397b2144f50bd0906186d72117a9c005e75583e0e3968111e3fdaef4b"
"md","step-01b-resume","tea","tea/workflows/testarch/bmad-testarch-nfr/steps-c/step-01b-resume.md","882fd6572a3e386cfe772a06d502cc90126816c100462574970dd0d664067658"
"md","step-01b-resume","tea","tea/workflows/testarch/bmad-testarch-test-design/steps-c/step-01b-resume.md","3765e83cfa3009d0db5f366f96344f1dffbe62861a4669be1c61d8253854776f"
"md","step-01b-resume","tea","tea/workflows/testarch/bmad-testarch-test-review/steps-c/step-01b-resume.md","58be11fd6b638cf6dba96441e681a32b646400adaccb1c68ed86a5734713fbec"
"md","step-01b-resume","tea","tea/workflows/testarch/bmad-testarch-trace/steps-c/step-01b-resume.md","c15e15dde9618b24b62d17e9e64c0afaed043d148d969bb492e98c804d6a5e86"
"md","step-02-apply-edit","tea","tea/workflows/testarch/bmad-testarch-atdd/steps-e/step-02-apply-edit.md","f44698a12b8c32f85b58b248d7de8d0a6991cdf0020ed035baa746422b6342cc"
"md","step-02-apply-edit","tea","tea/workflows/testarch/bmad-testarch-automate/steps-e/step-02-apply-edit.md","f44698a12b8c32f85b58b248d7de8d0a6991cdf0020ed035baa746422b6342cc"
"md","step-02-apply-edit","tea","tea/workflows/testarch/bmad-testarch-ci/steps-e/step-02-apply-edit.md","f44698a12b8c32f85b58b248d7de8d0a6991cdf0020ed035baa746422b6342cc"
"md","step-02-apply-edit","tea","tea/workflows/testarch/bmad-testarch-framework/steps-e/step-02-apply-edit.md","f44698a12b8c32f85b58b248d7de8d0a6991cdf0020ed035baa746422b6342cc"
"md","step-02-apply-edit","tea","tea/workflows/testarch/bmad-testarch-nfr/steps-e/step-02-apply-edit.md","f44698a12b8c32f85b58b248d7de8d0a6991cdf0020ed035baa746422b6342cc"
"md","step-02-apply-edit","tea","tea/workflows/testarch/bmad-testarch-test-design/steps-e/step-02-apply-edit.md","f44698a12b8c32f85b58b248d7de8d0a6991cdf0020ed035baa746422b6342cc"
"md","step-02-apply-edit","tea","tea/workflows/testarch/bmad-testarch-test-review/steps-e/step-02-apply-edit.md","f44698a12b8c32f85b58b248d7de8d0a6991cdf0020ed035baa746422b6342cc"
"md","step-02-apply-edit","tea","tea/workflows/testarch/bmad-testarch-trace/steps-e/step-02-apply-edit.md","f44698a12b8c32f85b58b248d7de8d0a6991cdf0020ed035baa746422b6342cc"
"md","step-02-assess","tea","tea/workflows/testarch/bmad-teach-me-testing/steps-c/step-02-assess.md","9768a104cc49a1ae2308ede862620e84ca09521fa11eb0448c9303046f24a090"
"md","step-02-define-thresholds","tea","tea/workflows/testarch/bmad-testarch-nfr/steps-c/step-02-define-thresholds.md","6254f02af1fe06ce5b6fd89bbc3ca3271016e2130e05c8153d7c81eb4baec933"
"md","step-02-discover-tests","tea","tea/workflows/testarch/bmad-testarch-test-review/steps-c/step-02-discover-tests.md","da2e6506046dc51cb1ca01d34bda6439c819a50081180b92ef1ff2645266887c"
"md","step-02-discover-tests","tea","tea/workflows/testarch/bmad-testarch-trace/steps-c/step-02-discover-tests.md","11205b592f122ee8739cb8cb4a8456a29a5c20ce49090f5ce4f9f1ab3cad8fb3"
"md","step-02-generate-pipeline","tea","tea/workflows/testarch/bmad-testarch-ci/steps-c/step-02-generate-pipeline.md","a9566636e119f06ef733bdfe665657e910ff1aac6d270a53af019c6bee198d2c"
"md","step-02-generation-mode","tea","tea/workflows/testarch/bmad-testarch-atdd/steps-c/step-02-generation-mode.md","6cfd167682c565cafc2f5f96d835b7441b83d2272ce49c7095652d042c85a782"
"md","step-02-identify-targets","tea","tea/workflows/testarch/bmad-testarch-automate/steps-c/step-02-identify-targets.md","63013f350e1251f479edc36f474ec6ff8aa20cfbfc37cef590edacead607a971"
"md","step-02-load-context","tea","tea/workflows/testarch/bmad-testarch-test-design/steps-c/step-02-load-context.md","8a0c1fdd405fc47e3018d6df1a62600c8e386412f34de830eaa749746bece103"
"md","step-02-select-framework","tea","tea/workflows/testarch/bmad-testarch-framework/steps-c/step-02-select-framework.md","6374095d15670bee2004de225954a3acafceed958c81bd92d25f5f381b792b3d"
"md","step-03-configure-quality-gates","tea","tea/workflows/testarch/bmad-testarch-ci/steps-c/step-03-configure-quality-gates.md","1ff2dd1f84b392fc115dd3d7f456333379fb2cecf382ff1755dbd2b3c8bf09d3"
"md","step-03-gather-evidence","tea","tea/workflows/testarch/bmad-testarch-nfr/steps-c/step-03-gather-evidence.md","c368365184cf0e856475ea92caf4720c131503fac4b1875fc788aafb46426905"
"md","step-03-generate-tests","tea","tea/workflows/testarch/bmad-testarch-automate/steps-c/step-03-generate-tests.md","5af5866e8499f49bb981b822a4f1b3900313f48571736cd71088649526f2755e"
"md","step-03-map-criteria","tea","tea/workflows/testarch/bmad-testarch-trace/steps-c/step-03-map-criteria.md","4735ef2e3a5342becfb5efaffc84b01c81bcb71021968485cdecd79e5aaed9b8"
"md","step-03-quality-evaluation","tea","tea/workflows/testarch/bmad-testarch-test-review/steps-c/step-03-quality-evaluation.md","339d97e2e10a1a7907a4904b40bda3e73aedd333a47eceb8c63548e138458576"
"md","step-03-risk-and-testability","tea","tea/workflows/testarch/bmad-testarch-test-design/steps-c/step-03-risk-and-testability.md","6c4eb82baee2e2df0f6b27a66f3622668175c1ffee0f1130c6ec212f1087bcaf"
"md","step-03-scaffold-framework","tea","tea/workflows/testarch/bmad-testarch-framework/steps-c/step-03-scaffold-framework.md","6c7f3a639a5a99949b7da3529eefe90212765e4094584d90d25101a0e4f91132"
"md","step-03-session-menu","tea","tea/workflows/testarch/bmad-teach-me-testing/steps-c/step-03-session-menu.md","b1c5c2bf98414f6abd00fea5f70cdc5193276f04b07fc273f1ac57f300f513aa"
"md","step-03-test-strategy","tea","tea/workflows/testarch/bmad-testarch-atdd/steps-c/step-03-test-strategy.md","faa28c2a9f6ea377f3a126f518c69883ba0b0c8c48ff2c1b96b52829e4660c3b"
"md","step-03a-subagent-api","tea","tea/workflows/testarch/bmad-testarch-automate/steps-c/step-03a-subagent-api.md","8d1a83bab34ebb0843ed30e3573919a6b1254c6afcfd6e6129fb39e5b5c7c4b6"
"md","step-03a-subagent-determinism","tea","tea/workflows/testarch/bmad-testarch-test-review/steps-c/step-03a-subagent-determinism.md","81ae90b1932750af9467be9c9568aa73e27d18e461b5155b61696077acb513a2"
"md","step-03b-subagent-backend","tea","tea/workflows/testarch/bmad-testarch-automate/steps-c/step-03b-subagent-backend.md","d9719af73e9bb7fc43249a9a712a2daf29ff6ede4ab0d44b777b76f344af4630"
"md","step-03b-subagent-e2e","tea","tea/workflows/testarch/bmad-testarch-automate/steps-c/step-03b-subagent-e2e.md","016ea8f5afaa757f40db132d9d991a4fd55ee39a1973994b8f59cde4779fc429"
"md","step-03b-subagent-isolation","tea","tea/workflows/testarch/bmad-testarch-test-review/steps-c/step-03b-subagent-isolation.md","336da42a4753de9c953ee1fabf6812eca7c096ed7c06b62f7f5151e50a75f25a"
"md","step-03b-subagent-mobile","tea","tea/workflows/testarch/bmad-testarch-automate/steps-c/step-03b-subagent-mobile.md","d7d1e806122fdcf20492de3515945d8a711c203d1474b607e59f322d88eeaba1"
"md","step-03c-aggregate","tea","tea/workflows/testarch/bmad-testarch-automate/steps-c/step-03c-aggregate.md","62ee8d3b0f5e8defde0cbb6887316c1c9d6041106ce6efdaa0f3d543a8aff558"
"md","step-03c-subagent-maintainability","tea","tea/workflows/testarch/bmad-testarch-test-review/steps-c/step-03c-subagent-maintainability.md","885745e2a72099e6c88c1500e46cd5e06a6d1cb4a750705eef615565456f9675"
"md","step-03e-subagent-performance","tea","tea/workflows/testarch/bmad-testarch-test-review/steps-c/step-03e-subagent-performance.md","cfc002a05c4bfc7a2843dce6569263a8bbd952ec92913c20fe15812bea3c1bd1"
"md","step-03f-aggregate-scores","tea","tea/workflows/testarch/bmad-testarch-test-review/steps-c/step-03f-aggregate-scores.md","2445eb54c58a9cd16b81918f81f098fc0ff1e601d001a4126604556b6d193bb9"
"md","step-04-analyze-gaps","tea","tea/workflows/testarch/bmad-testarch-trace/steps-c/step-04-analyze-gaps.md","5e96cad29909d4007ccba025cbba7c48ea9de9104bf596f636adcad8f57a377e"
"md","step-04-coverage-plan","tea","tea/workflows/testarch/bmad-testarch-test-design/steps-c/step-04-coverage-plan.md","ab1a4d8ceeb95fae35320c75e088af3a868b9a6da6ccd07b8f834a52abab0ecc"
"md","step-04-docs-and-scripts","tea","tea/workflows/testarch/bmad-testarch-framework/steps-c/step-04-docs-and-scripts.md","6b5f46e58a54cc2f64f666eff5feb312f3e4b9db8ea69d489fd33deffea70158"
"md","step-04-evaluate-and-score","tea","tea/workflows/testarch/bmad-testarch-nfr/steps-c/step-04-evaluate-and-score.md","4076849104e542f4445fde8db694f79334ab00ae3a54ed1fbc5725850424ce50"
"md","step-04-generate-report","tea","tea/workflows/testarch/bmad-testarch-test-review/steps-c/step-04-generate-report.md","ab3b99ccf04e9f01bc80ee601101818b13ff97a126abdff8ca4ba4ed832b2b96"
"md","step-04-generate-tests","tea","tea/workflows/testarch/bmad-testarch-atdd/steps-c/step-04-generate-tests.md","25650f9a73c5238c4e015769e69b12f435fd561cb5eaf6e3a20e723f2b4d2a27"
"md","step-04-session-01","tea","tea/workflows/testarch/bmad-teach-me-testing/steps-c/step-04-session-01.md","6dda1cfcf023ccc0ac8770995aced77840461634c1eb73cfa1f0c7082e239174"
"md","step-04-session-02","tea","tea/workflows/testarch/bmad-teach-me-testing/steps-c/step-04-session-02.md","ce8410508ddacfaaac65e4bfe72ca5a07cfcd750523c8d31080d8da461cb0f16"
"md","step-04-session-03","tea","tea/workflows/testarch/bmad-teach-me-testing/steps-c/step-04-session-03.md","c5edcfed818b301661e9dad16642aa5eea626d8ef3177536be6e8e37991963eb"
"md","step-04-session-04","tea","tea/workflows/testarch/bmad-teach-me-testing/steps-c/step-04-session-04.md","ed2c7f9d221dcf77dd9739c20949bc035490246c2a72d836c3d7bf5095aa69fc"
"md","step-04-session-05","tea","tea/workflows/testarch/bmad-teach-me-testing/steps-c/step-04-session-05.md","80c9c0d9e4713b9f5af337ed38ad083f71f8331ed45db9e48e5807aa93eb56a3"
"md","step-04-session-06","tea","tea/workflows/testarch/bmad-teach-me-testing/steps-c/step-04-session-06.md","bd6e13e510ae83c7ea9de05a32f67899606ae68210f22cdd5646a940cf94732f"
"md","step-04-session-07","tea","tea/workflows/testarch/bmad-teach-me-testing/steps-c/step-04-session-07.md","5ac6a0b4c9ddb1d9706ee09fc4b1b97713a577734477d2f0f2a4590ba05fdf4c"
"md","step-04-validate-and-summarize","tea","tea/workflows/testarch/bmad-testarch-automate/steps-c/step-04-validate-and-summarize.md","02573845abd021781db0aac0d95adf75e3b1f092206a03aef156456092e7f573"
"md","step-04-validate-and-summary","tea","tea/workflows/testarch/bmad-testarch-ci/steps-c/step-04-validate-and-summary.md","a1e773a7a91099542dffc3a15b499759413b00df4614608f5f796f8c45917231"
"md","step-04a-subagent-api-failing","tea","tea/workflows/testarch/bmad-testarch-atdd/steps-c/step-04a-subagent-api-failing.md","a1e77f679372578bfdc95cb43138aab194574fd3000fbad9448160dd0baaea0b"
"md","step-04a-subagent-security","tea","tea/workflows/testarch/bmad-testarch-nfr/steps-c/step-04a-subagent-security.md","a0cf51db257c35dc06878d4f7fd3778635db9c824ae59c84be16292b2a2cf373"
"md","step-04b-subagent-e2e-failing","tea","tea/workflows/testarch/bmad-testarch-atdd/steps-c/step-04b-subagent-e2e-failing.md","f1cc1de48701dc3ecc2a16d9866d5f8bcdcd56454ee8c1a6641800df4d042ce7"
"md","step-04b-subagent-performance","tea","tea/workflows/testarch/bmad-testarch-nfr/steps-c/step-04b-subagent-performance.md","66e3c61ec432b844908fe16963d067fc2032113a0ee60e4d298624a35d2683b3"
"md","step-04c-aggregate","tea","tea/workflows/testarch/bmad-testarch-atdd/steps-c/step-04c-aggregate.md","bbe66a24b0278e56ce8725ae02a2cecc5b31624be1d71116e4be8dab9158fd72"
"md","step-04c-subagent-reliability","tea","tea/workflows/testarch/bmad-testarch-nfr/steps-c/step-04c-subagent-reliability.md","1e424d8047bb8c601a3aa29488b9365d27821555a3fc2fad12f447b4357af20d"
"md","step-04d-subagent-maintainability","tea","tea/workflows/testarch/bmad-testarch-nfr/steps-c/step-04d-subagent-maintainability.md","363fbc5af27a809ec68818ca9999bce86591aab0725d4bdd88d901205492066c"
"md","step-04e-aggregate-nfr","tea","tea/workflows/testarch/bmad-testarch-nfr/steps-c/step-04e-aggregate-nfr.md","6c905d1f66a4058c92b543fecdf1bfe6d48420fe21d8fb28e773209a88e0bdce"
"md","step-05-completion","tea","tea/workflows/testarch/bmad-teach-me-testing/steps-c/step-05-completion.md","690088096214eab31c6d3c06a3056549bcd60e1588c37cbc64a0e04a69bb2b48"
"md","step-05-gate-decision","tea","tea/workflows/testarch/bmad-testarch-trace/steps-c/step-05-gate-decision.md","0dcd238cd9dffe0850e82fb3dea4ec4d1097ad1290e15dd988a43eeebf0ce91c"
"md","step-05-generate-output","tea","tea/workflows/testarch/bmad-testarch-test-design/steps-c/step-05-generate-output.md","870ccc5675bb592b3de7df573e08163f8c13c0be5aebb3fe4adbedc9cae898a7"
"md","step-05-generate-report","tea","tea/workflows/testarch/bmad-testarch-nfr/steps-c/step-05-generate-report.md","166bd716244d3de05341fda4c829ed096628d0de429e8073eee3de1a3a45b429"
"md","step-05-validate-and-complete","tea","tea/workflows/testarch/bmad-testarch-atdd/steps-c/step-05-validate-and-complete.md","34d8e651ac183b2da9048d4668329a4a87495a1dd55e115d0af11563c12efb9a"
"md","step-05-validate-and-summary","tea","tea/workflows/testarch/bmad-testarch-framework/steps-c/step-05-validate-and-summary.md","5c3302e57f55aee0087450d0901a65cbc08b130c8f0e3bc4181630683932b74b"
"md","step-e-01-assess-workflow","tea","tea/workflows/testarch/bmad-teach-me-testing/steps-e/step-e-01-assess-workflow.md","13ff5b3cb6c8bb13b62fd775ab6728fba131b61cce8a006285dc420179648315"
"md","step-e-02-apply-edits","tea","tea/workflows/testarch/bmad-teach-me-testing/steps-e/step-e-02-apply-edits.md","1b22bc2d6ec3d6b1e0485006cd89bf00f7aad2e6dc304bc5d24891391bd244c7"
"md","step-v-01-validate","tea","tea/workflows/testarch/bmad-teach-me-testing/steps-v/step-v-01-validate.md","48eac33fd488fbdbfff917a942d82825271407620d604e156c7aa6c8898edad4"
"md","tea-completion-summary.example","tea","tea/workflows/testarch/bmad-teach-me-testing/resources/tea-completion-summary.example.md","eb65840b3b2aa3a1aa5ccd33bba6cbb4956f46022df9b30a3b0658821ee76232"
"md","test-design-architecture-template","tea","tea/workflows/testarch/bmad-testarch-test-design/test-design-architecture-template.md","7002bc173a132b37a7056fc89db1c853eaa0018e095b16671a8ebef03be03e05"
"md","test-design-epic-3.example","tea","tea/workflows/testarch/bmad-testarch-test-design/resources/test-design-epic-3.example.md","7e9fbe72091e0224601109c32e6c1e7ec0179ceb7e7b6c04f0af4f551ed48997"
"md","test-design-handoff-template","tea","tea/workflows/testarch/bmad-testarch-test-design/test-design-handoff-template.md","2569b545622917e0ece923dd8771aacf0a59ca888793fda492484830f7228b6f"
"md","test-design-qa-template","tea","tea/workflows/testarch/bmad-testarch-test-design/test-design-qa-template.md","4b1ba627082468c4660b01dbec0e20982b8b4eb905bce880cf427d88e6c79b6a"
"md","test-design-template","tea","tea/workflows/testarch/bmad-testarch-test-design/test-design-template.md","639cc846ee8c803075fbef9d288da75f05f7023c079e83eaca763130f797e308"
"md","test-healing-patterns","tea","tea/agents/bmad-tea/resources/knowledge/test-healing-patterns.md","34f05dc40b5ead05d9c68299cb1a46f819338a4c8c928ab550a593e17f2b5464"
"md","test-healing-patterns","tea","tea/workflows/testarch/bmad-testarch-atdd/resources/knowledge/test-healing-patterns.md","34f05dc40b5ead05d9c68299cb1a46f819338a4c8c928ab550a593e17f2b5464"
"md","test-healing-patterns","tea","tea/workflows/testarch/bmad-testarch-automate/resources/knowledge/test-healing-patterns.md","34f05dc40b5ead05d9c68299cb1a46f819338a4c8c928ab550a593e17f2b5464"
"md","test-healing-patterns","tea","tea/workflows/testarch/bmad-testarch-ci/resources/knowledge/test-healing-patterns.md","34f05dc40b5ead05d9c68299cb1a46f819338a4c8c928ab550a593e17f2b5464"
"md","test-healing-patterns","tea","tea/workflows/testarch/bmad-testarch-framework/resources/knowledge/test-healing-patterns.md","34f05dc40b5ead05d9c68299cb1a46f819338a4c8c928ab550a593e17f2b5464"
"md","test-healing-patterns","tea","tea/workflows/testarch/bmad-testarch-nfr/resources/knowledge/test-healing-patterns.md","34f05dc40b5ead05d9c68299cb1a46f819338a4c8c928ab550a593e17f2b5464"
"md","test-healing-patterns","tea","tea/workflows/testarch/bmad-testarch-test-design/resources/knowledge/test-healing-patterns.md","34f05dc40b5ead05d9c68299cb1a46f819338a4c8c928ab550a593e17f2b5464"
"md","test-healing-patterns","tea","tea/workflows/testarch/bmad-testarch-test-review/resources/knowledge/test-healing-patterns.md","34f05dc40b5ead05d9c68299cb1a46f819338a4c8c928ab550a593e17f2b5464"
"md","test-healing-patterns","tea","tea/workflows/testarch/bmad-testarch-trace/resources/knowledge/test-healing-patterns.md","34f05dc40b5ead05d9c68299cb1a46f819338a4c8c928ab550a593e17f2b5464"
"md","test-levels-framework","tea","tea/agents/bmad-tea/resources/knowledge/test-levels-framework.md","5397ad467351c55a6c8ee0d7f2fc6fce3d123a0bee35c01af0f71aa90d8bd0ea"
"md","test-levels-framework","tea","tea/workflows/testarch/bmad-testarch-atdd/resources/knowledge/test-levels-framework.md","5397ad467351c55a6c8ee0d7f2fc6fce3d123a0bee35c01af0f71aa90d8bd0ea"
"md","test-levels-framework","tea","tea/workflows/testarch/bmad-testarch-automate/resources/knowledge/test-levels-framework.md","5397ad467351c55a6c8ee0d7f2fc6fce3d123a0bee35c01af0f71aa90d8bd0ea"
"md","test-levels-framework","tea","tea/workflows/testarch/bmad-testarch-ci/resources/knowledge/test-levels-framework.md","5397ad467351c55a6c8ee0d7f2fc6fce3d123a0bee35c01af0f71aa90d8bd0ea"
"md","test-levels-framework","tea","tea/workflows/testarch/bmad-testarch-framework/resources/knowledge/test-levels-framework.md","5397ad467351c55a6c8ee0d7f2fc6fce3d123a0bee35c01af0f71aa90d8bd0ea"
"md","test-levels-framework","tea","tea/workflows/testarch/bmad-testarch-nfr/resources/knowledge/test-levels-framework.md","5397ad467351c55a6c8ee0d7f2fc6fce3d123a0bee35c01af0f71aa90d8bd0ea"
"md","test-levels-framework","tea","tea/workflows/testarch/bmad-testarch-test-design/resources/knowledge/test-levels-framework.md","5397ad467351c55a6c8ee0d7f2fc6fce3d123a0bee35c01af0f71aa90d8bd0ea"
"md","test-levels-framework","tea","tea/workflows/testarch/bmad-testarch-test-review/resources/knowledge/test-levels-framework.md","5397ad467351c55a6c8ee0d7f2fc6fce3d123a0bee35c01af0f71aa90d8bd0ea"
"md","test-levels-framework","tea","tea/workflows/testarch/bmad-testarch-trace/resources/knowledge/test-levels-framework.md","5397ad467351c55a6c8ee0d7f2fc6fce3d123a0bee35c01af0f71aa90d8bd0ea"
"md","test-priorities-matrix","tea","tea/agents/bmad-tea/resources/knowledge/test-priorities-matrix.md","19ac5667879006896de98d60c2409bfc37db3c89dbe060bb944090eaf3ea4772"
"md","test-priorities-matrix","tea","tea/workflows/testarch/bmad-testarch-atdd/resources/knowledge/test-priorities-matrix.md","19ac5667879006896de98d60c2409bfc37db3c89dbe060bb944090eaf3ea4772"
"md","test-priorities-matrix","tea","tea/workflows/testarch/bmad-testarch-automate/resources/knowledge/test-priorities-matrix.md","19ac5667879006896de98d60c2409bfc37db3c89dbe060bb944090eaf3ea4772"
"md","test-priorities-matrix","tea","tea/workflows/testarch/bmad-testarch-ci/resources/knowledge/test-priorities-matrix.md","19ac5667879006896de98d60c2409bfc37db3c89dbe060bb944090eaf3ea4772"
"md","test-priorities-matrix","tea","tea/workflows/testarch/bmad-testarch-framework/resources/knowledge/test-priorities-matrix.md","19ac5667879006896de98d60c2409bfc37db3c89dbe060bb944090eaf3ea4772"
"md","test-priorities-matrix","tea","tea/workflows/testarch/bmad-testarch-nfr/resources/knowledge/test-priorities-matrix.md","19ac5667879006896de98d60c2409bfc37db3c89dbe060bb944090eaf3ea4772"
"md","test-priorities-matrix","tea","tea/workflows/testarch/bmad-testarch-test-design/resources/knowledge/test-priorities-matrix.md","19ac5667879006896de98d60c2409bfc37db3c89dbe060bb944090eaf3ea4772"
"md","test-priorities-matrix","tea","tea/workflows/testarch/bmad-testarch-test-review/resources/knowledge/test-priorities-matrix.md","19ac5667879006896de98d60c2409bfc37db3c89dbe060bb944090eaf3ea4772"
"md","test-priorities-matrix","tea","tea/workflows/testarch/bmad-testarch-trace/resources/knowledge/test-priorities-matrix.md","19ac5667879006896de98d60c2409bfc37db3c89dbe060bb944090eaf3ea4772"
"md","test-quality","tea","tea/agents/bmad-tea/resources/knowledge/test-quality.md","b8e301dac217e940f03284886c09a2ee00bf14e6253286b5a11d50833dc3ae2c"
"md","test-quality","tea","tea/workflows/testarch/bmad-testarch-atdd/resources/knowledge/test-quality.md","b8e301dac217e940f03284886c09a2ee00bf14e6253286b5a11d50833dc3ae2c"
"md","test-quality","tea","tea/workflows/testarch/bmad-testarch-automate/resources/knowledge/test-quality.md","b8e301dac217e940f03284886c09a2ee00bf14e6253286b5a11d50833dc3ae2c"
"md","test-quality","tea","tea/workflows/testarch/bmad-testarch-ci/resources/knowledge/test-quality.md","b8e301dac217e940f03284886c09a2ee00bf14e6253286b5a11d50833dc3ae2c"
"md","test-quality","tea","tea/workflows/testarch/bmad-testarch-framework/resources/knowledge/test-quality.md","b8e301dac217e940f03284886c09a2ee00bf14e6253286b5a11d50833dc3ae2c"
"md","test-quality","tea","tea/workflows/testarch/bmad-testarch-nfr/resources/knowledge/test-quality.md","b8e301dac217e940f03284886c09a2ee00bf14e6253286b5a11d50833dc3ae2c"
"md","test-quality","tea","tea/workflows/testarch/bmad-testarch-test-design/resources/knowledge/test-quality.md","b8e301dac217e940f03284886c09a2ee00bf14e6253286b5a11d50833dc3ae2c"
"md","test-quality","tea","tea/workflows/testarch/bmad-testarch-test-review/resources/knowledge/test-quality.md","b8e301dac217e940f03284886c09a2ee00bf14e6253286b5a11d50833dc3ae2c"
"md","test-quality","tea","tea/workflows/testarch/bmad-testarch-trace/resources/knowledge/test-quality.md","b8e301dac217e940f03284886c09a2ee00bf14e6253286b5a11d50833dc3ae2c"
"md","test-review-template","tea","tea/workflows/testarch/bmad-testarch-test-review/test-review-template.md","67e27f161728be801a40c3cf106af8a2d3e2c7c32fa273d00b6662d1020ceacd"
"md","test-review.example","tea","tea/workflows/testarch/bmad-testarch-test-review/resources/test-review.example.md","29deef8057446ca0c7bd1e33b5686ab41d694f5ea47cc219b4ca26423664d9e9"
"md","timing-debugging","tea","tea/agents/bmad-tea/resources/knowledge/timing-debugging.md","981ed2550a25690e9a4d64515b31bc5a4d6935fcc0137a800c9801fb21bc0e48"
"md","timing-debugging","tea","tea/workflows/testarch/bmad-testarch-atdd/resources/knowledge/timing-debugging.md","981ed2550a25690e9a4d64515b31bc5a4d6935fcc0137a800c9801fb21bc0e48"
"md","timing-debugging","tea","tea/workflows/testarch/bmad-testarch-automate/resources/knowledge/timing-debugging.md","981ed2550a25690e9a4d64515b31bc5a4d6935fcc0137a800c9801fb21bc0e48"
"md","timing-debugging","tea","tea/workflows/testarch/bmad-testarch-ci/resources/knowledge/timing-debugging.md","981ed2550a25690e9a4d64515b31bc5a4d6935fcc0137a800c9801fb21bc0e48"
"md","timing-debugging","tea","tea/workflows/testarch/bmad-testarch-framework/resources/knowledge/timing-debugging.md","981ed2550a25690e9a4d64515b31bc5a4d6935fcc0137a800c9801fb21bc0e48"
"md","timing-debugging","tea","tea/workflows/testarch/bmad-testarch-nfr/resources/knowledge/timing-debugging.md","981ed2550a25690e9a4d64515b31bc5a4d6935fcc0137a800c9801fb21bc0e48"
"md","timing-debugging","tea","tea/workflows/testarch/bmad-testarch-test-design/resources/knowledge/timing-debugging.md","981ed2550a25690e9a4d64515b31bc5a4d6935fcc0137a800c9801fb21bc0e48"
"md","timing-debugging","tea","tea/workflows/testarch/bmad-testarch-test-review/resources/knowledge/timing-debugging.md","981ed2550a25690e9a4d64515b31bc5a4d6935fcc0137a800c9801fb21bc0e48"
"md","timing-debugging","tea","tea/workflows/testarch/bmad-testarch-trace/resources/knowledge/timing-debugging.md","981ed2550a25690e9a4d64515b31bc5a4d6935fcc0137a800c9801fb21bc0e48"
"md","trace-template","tea","tea/workflows/testarch/bmad-testarch-trace/trace-template.md","2e35fa63b342f21c80f1b311d62897ae6fad48355892839b178169c0d34ceb8d"
"md","traceability-matrix.example","tea","tea/workflows/testarch/bmad-testarch-trace/resources/traceability-matrix.example.md","5678a8bf406fc3e81d05dae18be416108800297f0a34a2e1f0422cccd5a6528e"
"md","validation-report-20260127-095021","tea","tea/workflows/testarch/bmad-testarch-atdd/validation-report-20260127-095021.md","8ad16b678e08ec75a41bc2893db7ae8ad2be8cf229d9c8393b45fba310161e04"
"md","validation-report-20260127-095021","tea","tea/workflows/testarch/bmad-testarch-automate/validation-report-20260127-095021.md","76003bc6af51d5d5fa99ab5e4f2762f521f49b5543789399b8b56b917e6c3ae4"
"md","validation-report-20260127-095021","tea","tea/workflows/testarch/bmad-testarch-ci/validation-report-20260127-095021.md","510e83e1909f93be68d337284e56e129a97b81d529ed37231d6b2f62c8e3de31"
"md","validation-report-20260127-095021","tea","tea/workflows/testarch/bmad-testarch-framework/validation-report-20260127-095021.md","0ffbf0dd8732a2d43825235965670b6f8255a06a131caeb92f8f6afad22240ad"
"md","validation-report-20260127-095021","tea","tea/workflows/testarch/bmad-testarch-nfr/validation-report-20260127-095021.md","c0e196e2fa452cce54d1b82da1501d58eb7f6509885da1879bcd316634764f68"
"md","validation-report-20260127-095021","tea","tea/workflows/testarch/bmad-testarch-test-design/validation-report-20260127-095021.md","2c9df60896256ea91555fcdcb3c3d5b38d47003fa0d5b1216466a6599b53d0ed"
"md","validation-report-20260127-095021","tea","tea/workflows/testarch/bmad-testarch-test-review/validation-report-20260127-095021.md","e3c761b0beb35bedf5be5170725571eb60a8d0853d219aa6c2cbf7548b058dc0"
"md","validation-report-20260127-095021","tea","tea/workflows/testarch/bmad-testarch-trace/validation-report-20260127-095021.md","4c3df5b3b9fb51dec9110094a9b073391c1f0befd5a5bd11ee3b681655581198"
"md","validation-report-20260127-102401","tea","tea/workflows/testarch/bmad-testarch-atdd/validation-report-20260127-102401.md","7660056ce91586ee251521f2afd70a37d8fde92c269d1ae0006165982aa798ed"
"md","validation-report-20260127-102401","tea","tea/workflows/testarch/bmad-testarch-automate/validation-report-20260127-102401.md","d771deda210ff0e247096c8d34acf3cb65a997a352d0e2b6b534b98b8257e12f"
"md","validation-report-20260127-102401","tea","tea/workflows/testarch/bmad-testarch-ci/validation-report-20260127-102401.md","d45297159f142aefcf2370174a30cd85f4e2b58598146ca8d34281a66a218c88"
"md","validation-report-20260127-102401","tea","tea/workflows/testarch/bmad-testarch-framework/validation-report-20260127-102401.md","42da2d087d43f5d17bc75b11c57090cf43edf1f6b6f5fc422cf8b31eca697a29"
"md","validation-report-20260127-102401","tea","tea/workflows/testarch/bmad-testarch-nfr/validation-report-20260127-102401.md","571818b6acd85778e6b5bb725c93db86e5c3854644b806cc341ed8d7b299247e"
"md","validation-report-20260127-102401","tea","tea/workflows/testarch/bmad-testarch-test-design/validation-report-20260127-102401.md","a3f1a46ee45c25a0b8594f1c0680473c360ff5f234e22e342074f0d795c1916d"
"md","validation-report-20260127-102401","tea","tea/workflows/testarch/bmad-testarch-test-review/validation-report-20260127-102401.md","ef89f3a406cc7cca093ef12054cc0e5b23d3f17acba065130e1bf88520945fe4"
"md","validation-report-20260127-102401","tea","tea/workflows/testarch/bmad-testarch-trace/validation-report-20260127-102401.md","41c2741d65c4ba9a05cfa7ce9c44c97670abda4b2dd2c6f5303fd13584bb35d9"
"md","visual-debugging","tea","tea/agents/bmad-tea/resources/knowledge/visual-debugging.md","c06729b0a8e278800fea1e3b195b1f9f644fe8ba3ed027e48d995157b638e557"
"md","visual-debugging","tea","tea/workflows/testarch/bmad-testarch-atdd/resources/knowledge/visual-debugging.md","c06729b0a8e278800fea1e3b195b1f9f644fe8ba3ed027e48d995157b638e557"
"md","visual-debugging","tea","tea/workflows/testarch/bmad-testarch-automate/resources/knowledge/visual-debugging.md","c06729b0a8e278800fea1e3b195b1f9f644fe8ba3ed027e48d995157b638e557"
"md","visual-debugging","tea","tea/workflows/testarch/bmad-testarch-ci/resources/knowledge/visual-debugging.md","c06729b0a8e278800fea1e3b195b1f9f644fe8ba3ed027e48d995157b638e557"
"md","visual-debugging","tea","tea/workflows/testarch/bmad-testarch-framework/resources/knowledge/visual-debugging.md","c06729b0a8e278800fea1e3b195b1f9f644fe8ba3ed027e48d995157b638e557"
"md","visual-debugging","tea","tea/workflows/testarch/bmad-testarch-nfr/resources/knowledge/visual-debugging.md","c06729b0a8e278800fea1e3b195b1f9f644fe8ba3ed027e48d995157b638e557"
"md","visual-debugging","tea","tea/workflows/testarch/bmad-testarch-test-design/resources/knowledge/visual-debugging.md","c06729b0a8e278800fea1e3b195b1f9f644fe8ba3ed027e48d995157b638e557"
"md","visual-debugging","tea","tea/workflows/testarch/bmad-testarch-test-review/resources/knowledge/visual-debugging.md","c06729b0a8e278800fea1e3b195b1f9f644fe8ba3ed027e48d995157b638e557"
"md","visual-debugging","tea","tea/workflows/testarch/bmad-testarch-trace/resources/knowledge/visual-debugging.md","c06729b0a8e278800fea1e3b195b1f9f644fe8ba3ed027e48d995157b638e557"
"md","webhook-module-setup","tea","tea/agents/bmad-tea/resources/knowledge/webhook-module-setup.md","5a3320f60b19c0791c16c5098aec8775f63e8e91169cdfd75584a97c76b4334a"
"md","webhook-module-setup","tea","tea/workflows/testarch/bmad-testarch-atdd/resources/knowledge/webhook-module-setup.md","5a3320f60b19c0791c16c5098aec8775f63e8e91169cdfd75584a97c76b4334a"
"md","webhook-module-setup","tea","tea/workflows/testarch/bmad-testarch-automate/resources/knowledge/webhook-module-setup.md","5a3320f60b19c0791c16c5098aec8775f63e8e91169cdfd75584a97c76b4334a"
"md","webhook-module-setup","tea","tea/workflows/testarch/bmad-testarch-ci/resources/knowledge/webhook-module-setup.md","5a3320f60b19c0791c16c5098aec8775f63e8e91169cdfd75584a97c76b4334a"
"md","webhook-module-setup","tea","tea/workflows/testarch/bmad-testarch-framework/resources/knowledge/webhook-module-setup.md","5a3320f60b19c0791c16c5098aec8775f63e8e91169cdfd75584a97c76b4334a"
"md","webhook-module-setup","tea","tea/workflows/testarch/bmad-testarch-nfr/resources/knowledge/webhook-module-setup.md","5a3320f60b19c0791c16c5098aec8775f63e8e91169cdfd75584a97c76b4334a"
"md","webhook-module-setup","tea","tea/workflows/testarch/bmad-testarch-test-design/resources/knowledge/webhook-module-setup.md","5a3320f60b19c0791c16c5098aec8775f63e8e91169cdfd75584a97c76b4334a"
"md","webhook-module-setup","tea","tea/workflows/testarch/bmad-testarch-test-review/resources/knowledge/webhook-module-setup.md","5a3320f60b19c0791c16c5098aec8775f63e8e91169cdfd75584a97c76b4334a"
"md","webhook-module-setup","tea","tea/workflows/testarch/bmad-testarch-trace/resources/knowledge/webhook-module-setup.md","5a3320f60b19c0791c16c5098aec8775f63e8e91169cdfd75584a97c76b4334a"
"md","webhook-providers","tea","tea/agents/bmad-tea/resources/knowledge/webhook-providers.md","c0eb938eb5dd5435592c2636657cc38ed0d173becda601657dc96efed7f1f2a3"
"md","webhook-providers","tea","tea/workflows/testarch/bmad-testarch-atdd/resources/knowledge/webhook-providers.md","c0eb938eb5dd5435592c2636657cc38ed0d173becda601657dc96efed7f1f2a3"
"md","webhook-providers","tea","tea/workflows/testarch/bmad-testarch-automate/resources/knowledge/webhook-providers.md","c0eb938eb5dd5435592c2636657cc38ed0d173becda601657dc96efed7f1f2a3"
"md","webhook-providers","tea","tea/workflows/testarch/bmad-testarch-ci/resources/knowledge/webhook-providers.md","c0eb938eb5dd5435592c2636657cc38ed0d173becda601657dc96efed7f1f2a3"
"md","webhook-providers","tea","tea/workflows/testarch/bmad-testarch-framework/resources/knowledge/webhook-providers.md","c0eb938eb5dd5435592c2636657cc38ed0d173becda601657dc96efed7f1f2a3"
"md","webhook-providers","tea","tea/workflows/testarch/bmad-testarch-nfr/resources/knowledge/webhook-providers.md","c0eb938eb5dd5435592c2636657cc38ed0d173becda601657dc96efed7f1f2a3"
"md","webhook-providers","tea","tea/workflows/testarch/bmad-testarch-test-design/resources/knowledge/webhook-providers.md","c0eb938eb5dd5435592c2636657cc38ed0d173becda601657dc96efed7f1f2a3"
"md","webhook-providers","tea","tea/workflows/testarch/bmad-testarch-test-review/resources/knowledge/webhook-providers.md","c0eb938eb5dd5435592c2636657cc38ed0d173becda601657dc96efed7f1f2a3"
"md","webhook-providers","tea","tea/workflows/testarch/bmad-testarch-trace/resources/knowledge/webhook-providers.md","c0eb938eb5dd5435592c2636657cc38ed0d173becda601657dc96efed7f1f2a3"
"md","webhook-risk-guidance","tea","tea/agents/bmad-tea/resources/knowledge/webhook-risk-guidance.md","e22b8a46be96c1548bba22aa1d0594c858f9fa9edd7fcc292f98d09e1b59c936"
"md","webhook-risk-guidance","tea","tea/workflows/testarch/bmad-testarch-atdd/resources/knowledge/webhook-risk-guidance.md","e22b8a46be96c1548bba22aa1d0594c858f9fa9edd7fcc292f98d09e1b59c936"
"md","webhook-risk-guidance","tea","tea/workflows/testarch/bmad-testarch-automate/resources/knowledge/webhook-risk-guidance.md","e22b8a46be96c1548bba22aa1d0594c858f9fa9edd7fcc292f98d09e1b59c936"
"md","webhook-risk-guidance","tea","tea/workflows/testarch/bmad-testarch-ci/resources/knowledge/webhook-risk-guidance.md","e22b8a46be96c1548bba22aa1d0594c858f9fa9edd7fcc292f98d09e1b59c936"
"md","webhook-risk-guidance","tea","tea/workflows/testarch/bmad-testarch-framework/resources/knowledge/webhook-risk-guidance.md","e22b8a46be96c1548bba22aa1d0594c858f9fa9edd7fcc292f98d09e1b59c936"
"md","webhook-risk-guidance","tea","tea/workflows/testarch/bmad-testarch-nfr/resources/knowledge/webhook-risk-guidance.md","e22b8a46be96c1548bba22aa1d0594c858f9fa9edd7fcc292f98d09e1b59c936"
"md","webhook-risk-guidance","tea","tea/workflows/testarch/bmad-testarch-test-design/resources/knowledge/webhook-risk-guidance.md","e22b8a46be96c1548bba22aa1d0594c858f9fa9edd7fcc292f98d09e1b59c936"
"md","webhook-risk-guidance","tea","tea/workflows/testarch/bmad-testarch-test-review/resources/knowledge/webhook-risk-guidance.md","e22b8a46be96c1548bba22aa1d0594c858f9fa9edd7fcc292f98d09e1b59c936"
"md","webhook-risk-guidance","tea","tea/workflows/testarch/bmad-testarch-trace/resources/knowledge/webhook-risk-guidance.md","e22b8a46be96c1548bba22aa1d0594c858f9fa9edd7fcc292f98d09e1b59c936"
"md","webhook-template-matchers","tea","tea/agents/bmad-tea/resources/knowledge/webhook-template-matchers.md","870957996a2d0f6e8ef03d85668c72730583465da4de228812a0c2040fcdb3c4"
"md","webhook-template-matchers","tea","tea/workflows/testarch/bmad-testarch-atdd/resources/knowledge/webhook-template-matchers.md","870957996a2d0f6e8ef03d85668c72730583465da4de228812a0c2040fcdb3c4"
"md","webhook-template-matchers","tea","tea/workflows/testarch/bmad-testarch-automate/resources/knowledge/webhook-template-matchers.md","870957996a2d0f6e8ef03d85668c72730583465da4de228812a0c2040fcdb3c4"
"md","webhook-template-matchers","tea","tea/workflows/testarch/bmad-testarch-ci/resources/knowledge/webhook-template-matchers.md","870957996a2d0f6e8ef03d85668c72730583465da4de228812a0c2040fcdb3c4"
"md","webhook-template-matchers","tea","tea/workflows/testarch/bmad-testarch-framework/resources/knowledge/webhook-template-matchers.md","870957996a2d0f6e8ef03d85668c72730583465da4de228812a0c2040fcdb3c4"
"md","webhook-template-matchers","tea","tea/workflows/testarch/bmad-testarch-nfr/resources/knowledge/webhook-template-matchers.md","870957996a2d0f6e8ef03d85668c72730583465da4de228812a0c2040fcdb3c4"
"md","webhook-template-matchers","tea","tea/workflows/testarch/bmad-testarch-test-design/resources/knowledge/webhook-template-matchers.md","870957996a2d0f6e8ef03d85668c72730583465da4de228812a0c2040fcdb3c4"
"md","webhook-template-matchers","tea","tea/workflows/testarch/bmad-testarch-test-review/resources/knowledge/webhook-template-matchers.md","870957996a2d0f6e8ef03d85668c72730583465da4de228812a0c2040fcdb3c4"
"md","webhook-template-matchers","tea","tea/workflows/testarch/bmad-testarch-trace/resources/knowledge/webhook-template-matchers.md","870957996a2d0f6e8ef03d85668c72730583465da4de228812a0c2040fcdb3c4"
"md","webhook-testing-fundamentals","tea","tea/agents/bmad-tea/resources/knowledge/webhook-testing-fundamentals.md","370eb1aa92df45939e72564ab94507999b7fa5156f482b85eb358a637fb03bcd"
"md","webhook-testing-fundamentals","tea","tea/workflows/testarch/bmad-testarch-atdd/resources/knowledge/webhook-testing-fundamentals.md","370eb1aa92df45939e72564ab94507999b7fa5156f482b85eb358a637fb03bcd"
"md","webhook-testing-fundamentals","tea","tea/workflows/testarch/bmad-testarch-automate/resources/knowledge/webhook-testing-fundamentals.md","370eb1aa92df45939e72564ab94507999b7fa5156f482b85eb358a637fb03bcd"
"md","webhook-testing-fundamentals","tea","tea/workflows/testarch/bmad-testarch-ci/resources/knowledge/webhook-testing-fundamentals.md","370eb1aa92df45939e72564ab94507999b7fa5156f482b85eb358a637fb03bcd"
"md","webhook-testing-fundamentals","tea","tea/workflows/testarch/bmad-testarch-framework/resources/knowledge/webhook-testing-fundamentals.md","370eb1aa92df45939e72564ab94507999b7fa5156f482b85eb358a637fb03bcd"
"md","webhook-testing-fundamentals","tea","tea/workflows/testarch/bmad-testarch-nfr/resources/knowledge/webhook-testing-fundamentals.md","370eb1aa92df45939e72564ab94507999b7fa5156f482b85eb358a637fb03bcd"
"md","webhook-testing-fundamentals","tea","tea/workflows/testarch/bmad-testarch-test-design/resources/knowledge/webhook-testing-fundamentals.md","370eb1aa92df45939e72564ab94507999b7fa5156f482b85eb358a637fb03bcd"
"md","webhook-testing-fundamentals","tea","tea/workflows/testarch/bmad-testarch-test-review/resources/knowledge/webhook-testing-fundamentals.md","370eb1aa92df45939e72564ab94507999b7fa5156f482b85eb358a637fb03bcd"
"md","webhook-testing-fundamentals","tea","tea/workflows/testarch/bmad-testarch-trace/resources/knowledge/webhook-testing-fundamentals.md","370eb1aa92df45939e72564ab94507999b7fa5156f482b85eb358a637fb03bcd"
"md","webhook-timeout-error","tea","tea/agents/bmad-tea/resources/knowledge/webhook-timeout-error.md","d1de89da9211ef4dd36faa6981940f6fb08d08e4358ec96a9e4ac3ff6091b1e1"
"md","webhook-timeout-error","tea","tea/workflows/testarch/bmad-testarch-atdd/resources/knowledge/webhook-timeout-error.md","d1de89da9211ef4dd36faa6981940f6fb08d08e4358ec96a9e4ac3ff6091b1e1"
"md","webhook-timeout-error","tea","tea/workflows/testarch/bmad-testarch-automate/resources/knowledge/webhook-timeout-error.md","d1de89da9211ef4dd36faa6981940f6fb08d08e4358ec96a9e4ac3ff6091b1e1"
"md","webhook-timeout-error","tea","tea/workflows/testarch/bmad-testarch-ci/resources/knowledge/webhook-timeout-error.md","d1de89da9211ef4dd36faa6981940f6fb08d08e4358ec96a9e4ac3ff6091b1e1"
"md","webhook-timeout-error","tea","tea/workflows/testarch/bmad-testarch-framework/resources/knowledge/webhook-timeout-error.md","d1de89da9211ef4dd36faa6981940f6fb08d08e4358ec96a9e4ac3ff6091b1e1"
"md","webhook-timeout-error","tea","tea/workflows/testarch/bmad-testarch-nfr/resources/knowledge/webhook-timeout-error.md","d1de89da9211ef4dd36faa6981940f6fb08d08e4358ec96a9e4ac3ff6091b1e1"
"md","webhook-timeout-error","tea","tea/workflows/testarch/bmad-testarch-test-design/resources/knowledge/webhook-timeout-error.md","d1de89da9211ef4dd36faa6981940f6fb08d08e4358ec96a9e4ac3ff6091b1e1"
"md","webhook-timeout-error","tea","tea/workflows/testarch/bmad-testarch-test-review/resources/knowledge/webhook-timeout-error.md","d1de89da9211ef4dd36faa6981940f6fb08d08e4358ec96a9e4ac3ff6091b1e1"
"md","webhook-timeout-error","tea","tea/workflows/testarch/bmad-testarch-trace/resources/knowledge/webhook-timeout-error.md","d1de89da9211ef4dd36faa6981940f6fb08d08e4358ec96a9e4ac3ff6091b1e1"
"md","webhook-waiting-querying","tea","tea/agents/bmad-tea/resources/knowledge/webhook-waiting-querying.md","3ecedc7828402df9daf30e2da909019d37046d03c76eff1f8a7394b1c55d96bf"
"md","webhook-waiting-querying","tea","tea/workflows/testarch/bmad-testarch-atdd/resources/knowledge/webhook-waiting-querying.md","3ecedc7828402df9daf30e2da909019d37046d03c76eff1f8a7394b1c55d96bf"
"md","webhook-waiting-querying","tea","tea/workflows/testarch/bmad-testarch-automate/resources/knowledge/webhook-waiting-querying.md","3ecedc7828402df9daf30e2da909019d37046d03c76eff1f8a7394b1c55d96bf"
"md","webhook-waiting-querying","tea","tea/workflows/testarch/bmad-testarch-ci/resources/knowledge/webhook-waiting-querying.md","3ecedc7828402df9daf30e2da909019d37046d03c76eff1f8a7394b1c55d96bf"
"md","webhook-waiting-querying","tea","tea/workflows/testarch/bmad-testarch-framework/resources/knowledge/webhook-waiting-querying.md","3ecedc7828402df9daf30e2da909019d37046d03c76eff1f8a7394b1c55d96bf"
"md","webhook-waiting-querying","tea","tea/workflows/testarch/bmad-testarch-nfr/resources/knowledge/webhook-waiting-querying.md","3ecedc7828402df9daf30e2da909019d37046d03c76eff1f8a7394b1c55d96bf"
"md","webhook-waiting-querying","tea","tea/workflows/testarch/bmad-testarch-test-design/resources/knowledge/webhook-waiting-querying.md","3ecedc7828402df9daf30e2da909019d37046d03c76eff1f8a7394b1c55d96bf"
"md","webhook-waiting-querying","tea","tea/workflows/testarch/bmad-testarch-test-review/resources/knowledge/webhook-waiting-querying.md","3ecedc7828402df9daf30e2da909019d37046d03c76eff1f8a7394b1c55d96bf"
"md","webhook-waiting-querying","tea","tea/workflows/testarch/bmad-testarch-trace/resources/knowledge/webhook-waiting-querying.md","3ecedc7828402df9daf30e2da909019d37046d03c76eff1f8a7394b1c55d96bf"
"md","workflow-plan","tea","tea/workflows/testarch/bmad-testarch-atdd/workflow-plan.md","656f81a3a8939d8214ec1c078a40790b6657c3510db9faa4bdb161cf4908d4d8"
"md","workflow-plan","tea","tea/workflows/testarch/bmad-testarch-automate/workflow-plan.md","cd569f2f23791b3223778af6461492f02909ae029ce14899feaf4f9e112f2956"
"md","workflow-plan","tea","tea/workflows/testarch/bmad-testarch-ci/workflow-plan.md","98c0a7ffdc946500c4cf5358ba99559f59c6cbc9c09154d8e477a87b90891952"
"md","workflow-plan","tea","tea/workflows/testarch/bmad-testarch-framework/workflow-plan.md","a3f83191c092720228f5f9f6e17c97b1eed0967f58bb1b7e54c51b0ca6e49221"
"md","workflow-plan","tea","tea/workflows/testarch/bmad-testarch-nfr/workflow-plan.md","7c4d970b35104c73cc3fb34cd72cce903bc64c832fe270a16bc92d1684f4c35a"
"md","workflow-plan","tea","tea/workflows/testarch/bmad-testarch-test-design/workflow-plan.md","f9eaa2904166c08f3b22b91a3f8f978a12075f010ff8b4c63b7dd4eb50e45ad8"
"md","workflow-plan","tea","tea/workflows/testarch/bmad-testarch-test-review/workflow-plan.md","f92e323bb2a786edc3e2377325c3f7efd2cfdebe27a36f9bc94b0cc8149c08f6"
"md","workflow-plan","tea","tea/workflows/testarch/bmad-testarch-trace/workflow-plan.md","be3496322b9b33e77dedf852961a90963b10d65ecc2af87f3634dbc1ef43e4da"
"md","workflow-plan-teach-me-testing","tea","tea/workflows/testarch/bmad-teach-me-testing/workflow-plan-teach-me-testing.md","ac9e2c9f5d4476631548f7783044d567d68648f26aef2bb4bdb6a32e815c523c"
"toml","customize","tea","tea/agents/bmad-tea/customize.toml","d2d411974680fdb6311b8bf39897d9eae0f95231c10089e1b3d46b214b16ef05"
"toml","customize","tea","tea/workflows/testarch/bmad-teach-me-testing/customize.toml","8db297b6b85680b792929e32eada28c926b7ded572e6f1811cfdfd2ddb924ce9"
"toml","customize","tea","tea/workflows/testarch/bmad-testarch-atdd/customize.toml","f05ccd498ac8e3f21d7b8e2e5ce6fe6ea6c0440a7cf3265125fc7ac91c42bf35"
"toml","customize","tea","tea/workflows/testarch/bmad-testarch-automate/customize.toml","3df22f27bb80e131e60643281edf332c11dc454a481b92465518c4fb2dfe5a45"
"toml","customize","tea","tea/workflows/testarch/bmad-testarch-ci/customize.toml","54a4f2994b95167e64cd276b918819201de9850d4cdc655d17fa09e9812ccdb1"
"toml","customize","tea","tea/workflows/testarch/bmad-testarch-framework/customize.toml","b9a5ab0b9cb965d68654e88baed9fe432131a8d48a0f1bf6ed5e3571f109da28"
"toml","customize","tea","tea/workflows/testarch/bmad-testarch-nfr/customize.toml","ab3724b7db58a49bf019a141622b9ddee73cb25f86fec997e452fe5651967413"
"toml","customize","tea","tea/workflows/testarch/bmad-testarch-test-design/customize.toml","bcbe3f2b79e75a2de224d993af32067ec55df2ba66deb81df2261c275e995f5e"
"toml","customize","tea","tea/workflows/testarch/bmad-testarch-test-review/customize.toml","988fed94a5ac0d3d3bbedebd9f7d2b9a2d9b7151bf770705d049d03e1d9ba47a"
"toml","customize","tea","tea/workflows/testarch/bmad-testarch-trace/customize.toml","13fafc5db15f5d77a41a0e0ac7dd76155a7fea38c8c449c7a9c86caa8f3ed125"
"yaml","azure-pipelines-template","tea","tea/workflows/testarch/bmad-testarch-ci/azure-pipelines-template.yaml","d4e48de5edc5603872995a15289c736a26cee61b1f0c634fef2c7e957deadb3d"
"yaml","config","tea","tea/config.yaml","96aa37556a00f3fef7ed0cd5f710788496723fb41e9357fc5668af4d3ad7f29d"
"yaml","curriculum","tea","tea/workflows/testarch/bmad-teach-me-testing/data/curriculum.yaml","980d5e2c7d80fe5cff00047a73548d2e0d7d851627567fc7005ce07b8dd30889"
"yaml","github-actions-template","tea","tea/workflows/testarch/bmad-testarch-ci/github-actions-template.yaml","ab958973e3db5f207c02aca9382f918754d516bf1c93b6aae3b17174210e84d3"
"yaml","gitlab-ci-template","tea","tea/workflows/testarch/bmad-testarch-ci/gitlab-ci-template.yaml","a5b151216164f463fc5dd5f23087a361cdfd60a67e0b150be962c18323ef75fe"
"yaml","harness-pipeline-template","tea","tea/workflows/testarch/bmad-testarch-ci/harness-pipeline-template.yaml","d6deb2934143fd04ec71789cb43be9227bf40a91f527b1997233e27a346d5cc7"
"yaml","progress-template","tea","tea/workflows/testarch/bmad-teach-me-testing/templates/progress-template.yaml","8f6104284e982b8c76b4f3b5386dad477fdbb3b32d9e31a2df7bbaf855b5f5ee"
"yaml","quiz-questions","tea","tea/workflows/testarch/bmad-teach-me-testing/data/quiz-questions.yaml","a308173a406edb8f2ab05d373640565c2f677463cdbcbae866ce5c811ce121c7"
"yaml","role-paths","tea","tea/workflows/testarch/bmad-teach-me-testing/data/role-paths.yaml","a7fe5f92b0be5bc457d81bdfe458938bdbbd67dd3f40ede7006814d70e75a60c"
"yaml","session-content-map","tea","tea/workflows/testarch/bmad-teach-me-testing/data/session-content-map.yaml","411553a563ef04070c73c0d626a39cad3da934bcc091b3f069903519275d52f8"
"yaml","tea-resources-index","tea","tea/workflows/testarch/bmad-teach-me-testing/data/tea-resources-index.yaml","300d6b10dc29f36e8767daf1a9c3577fc4b1d7b4faf32c9b70720a1ecd2ae53e"
"yaml","workflow","tea","tea/workflows/testarch/bmad-testarch-atdd/workflow.yaml","55bb3cf1c6c2158c9a146f66a02294193324fe47c72626bedb08e73b359e3cac"
"yaml","workflow","tea","tea/workflows/testarch/bmad-testarch-automate/workflow.yaml","31aa0de4052cbe9897d830fca64e75b1ad02619b5fea0e47bd6187a67b42f37e"
"yaml","workflow","tea","tea/workflows/testarch/bmad-testarch-ci/workflow.yaml","856084f71dce2265351d9fd4de141b2b5581605d1e1bf949303ba3033ce77c5f"
"yaml","workflow","tea","tea/workflows/testarch/bmad-testarch-framework/workflow.yaml","96bd1a10c3f9b02aa16b5c6e449e31091e3b89c1ea11a587fd111383d7fd81fc"
"yaml","workflow","tea","tea/workflows/testarch/bmad-testarch-nfr/workflow.yaml","dcf080fcf0f65efb96dcb9b80c664f1c298acda4a399fdf2e973605f89284c43"
"yaml","workflow","tea","tea/workflows/testarch/bmad-testarch-test-design/workflow.yaml","6d95c11b26eaea13ff74b0c83338d3071388acb9a2d43f6b5a45c810262b5d3f"
"yaml","workflow","tea","tea/workflows/testarch/bmad-testarch-test-review/workflow.yaml","87f7805936b3bde47a0c903b92896bae26f7efc3b39afcf018ee586fad8e4914"
"yaml","workflow","tea","tea/workflows/testarch/bmad-testarch-trace/workflow.yaml","2cb8eabb4ed2bb327425c43e1ee83cf532ee75b0cf469d5691f1dac2ea7e1233"
